Step,Date,Close,Volume,Ticker,Return,Volatility,Log_Volume,ground_truth_avg,ground_truth_std,finetuned_bert_avg,finetuned_bert_std,finetuned_finbert_avg,finetuned_finbert_std
0,2024-12-20,584.7297973632812,48989400,META,-0.017327878496011702,0.016438882169255653,17.707114526554907,0.6578947368421053,0.4744146415084198,0.6770495862131579,0.4413804990914162,0.715527837,0.38840262082718563
1,2024-12-23,599.3167724609375,10205800,META,0.024946522587754573,0.018632696854782797,16.138466842081645,0.5882352941176471,0.4921529567847503,0.7052672887088235,0.4143848943490269,0.7782305768235294,0.34175639988178985
2,2024-12-24,607.2097778320312,4726100,META,0.01317000580291319,0.018927159877808214,15.368611107639014,0.5945945945945946,0.49097032769148513,0.7188986004351352,0.39968264849483626,0.7756217660000001,0.34049463014374415
3,2024-12-26,602.8136596679688,6081400,META,-0.007239867216496918,0.017106187260879906,15.620745655029559,0.5609756097560976,0.49626804754575143,0.7127413791731707,0.3966844542895974,0.7661481824878049,0.35857111824684235
4,2024-12-27,599.27685546875,8084200,META,-0.005867160012875007,0.017101704310743884,15.905422221125294,0.5853658536585366,0.49265877748107695,0.7197125857585365,0.38886527376325025,0.7653154577560977,0.3512235831134189
5,2024-12-30,590.7144165039062,7025900,META,-0.014287952032030793,0.016943352991519212,15.765114021187715,0.5714285714285714,0.49487165930539373,0.7284887490261903,0.38055689470115994,0.7514937722952381,0.3854601799978509
6,2024-12-31,584.9895629882812,6019500,META,-0.009691406465931652,0.016484071401123204,15.61051492348396,0.5277777777777778,0.49922779876698403,0.7332733627527778,0.32752529221844967,0.7264860090666665,0.4075315341722871
7,2025-01-02,598.7073364257812,12682300,META,0.023449603728699003,0.018942299433200395,16.355717957387203,0.5,0.5527707983925667,0.7594263971972223,0.309512238379857,0.7268424290666667,0.4076483614470983
8,2025-01-03,604.092529296875,11436800,META,0.008994699986879693,0.015279043225167765,16.252346871944233,0.5384615384615384,0.5475424744631442,0.7090512977461537,0.34962255792512886,0.6708030145230768,0.41410614492034337
9,2025-01-06,629.6398315429688,14560800,META,0.042290379382491576,0.01988499893096859,16.493843612955878,0.5263157894736842,0.5494898162584501,0.7192943121052632,0.3446695221213586,0.6908911715368419,0.3997729874611585
10,2025-01-07,617.3407592773438,12071500,META,-0.019533504155042753,0.02018060835272357,16.30635794325409,0.5116279069767442,0.585566433116938,0.6183821772093023,0.44129630271671966,0.6409088742558139,0.43257373750696587
11,2025-01-08,610.1771240234375,10085800,META,-0.01160402119291778,0.019593365519356205,16.126639151104907,0.5,0.5875696513930031,0.6213695819047619,0.4430869843161406,0.6201741775,0.44601643786387346
12,2025-01-10,615.3125610351562,19256600,META,0.008416305380077626,0.01934751328374201,16.773364469009092,0.5434782608695652,0.5788489980736674,0.6024427984782609,0.46872919129387713,0.5944414296739131,0.45630361696859467
13,2025-01-13,607.789306640625,10785000,META,-0.012226719997190834,0.019659361339189985,16.193666930526764,0.5370370370370371,0.6299019019146277,0.5877226551851851,0.46626079211988475,0.5821169123148148,0.4680948073350276
14,2025-01-14,593.7218017578125,13598000,META,-0.02314536423907564,0.021040159815651237,16.425433354608767,0.49056603773584906,0.6622614631994055,0.5603301081132075,0.5107488160236665,0.5585109331132075,0.5095813138961072
15,2025-01-15,616.5714721679688,15524300,META,0.03848548317158977,0.023711526262341073,16.55791716061561,0.46,0.698856208386246,0.5219528526,0.5185913473856979,0.5648959757319999,0.5003023405929102
16,2025-01-16,610.756591796875,8355300,META,-0.009430991593963397,0.023694292203218736,15.938406745694236,0.47368421052631576,0.7035065844127516,0.5595992580701754,0.504658786021851,0.5943228916421053,0.4896963051964465
17,2025-01-17,612.225341796875,17280600,META,0.002404804171951493,0.022746717084905593,16.665095100827962,0.45614035087719296,0.677202072477852,0.5256432066666666,0.4966878385352459,0.5852468862035088,0.48599985829559955
18,2025-01-21,615.9120483398438,11674000,META,0.006021813033985664,0.022671198104312774,16.272874790406313,0.43859649122807015,0.675837202956429,0.5545990759122806,0.4956152696936526,0.606793249185965,0.4937047681215412
19,2025-01-22,622.94580078125,12274000,META,0.011420059828940404,0.018276686485069107,16.32299384340421,0.45,0.6934214687571572,0.5908185970000001,0.4894007895283651,0.6285276640599999,0.4832257731018341
20,2025-01-23,635.88427734375,9910200,META,0.02076982708009842,0.018159240801740643,16.10907518864337,0.4107142857142857,0.7014471193357982,0.6471166416607144,0.4483795157940718,0.6797907623035714,0.45226555524363576
21,2025-01-24,646.9144287109375,19065300,META,0.01734616149539542,0.017857808693379894,16.763380539242537,0.41818181818181815,0.705585742252082,0.6520268824181819,0.4532128889547953,0.6855716350363638,0.4456919054240398
22,2025-01-27,659.29345703125,28399200,META,0.019135495779525818,0.018333918203280935,17.161871568932856,0.42105263157894735,0.6995579662237499,0.647596443263158,0.4264340842909378,0.7109743047543859,0.4267781051793849
23,2025-01-28,673.7305908203125,20950100,META,0.02189788725353328,0.01749824464418928,16.857654025323185,0.39215686274509803,0.6882325009719311,0.6412149830588235,0.42174655027852387,0.7539646459019608,0.37821988900321835
24,2025-01-29,675.888671875,21377800,META,0.003203181040154182,0.01336664685766233,16.87786360513766,0.4107142857142857,0.6485364213333884,0.6639209352857142,0.3584114469604488,0.7485242435178571,0.33823508970955624
25,2025-01-30,686.3893432617188,29322900,META,0.01553609614078687,0.010099582804829746,17.193879372789446,0.39344262295081966,0.6081061308521775,0.6805997845081967,0.3539612116030478,0.7258565126721311,0.36604054917894585
26,2025-01-31,688.5673828125,19331700,META,0.003173183809106384,0.007819034891111661,16.7772568452436,0.31746031746031744,0.612706637003771,0.6681460090238095,0.3602090732280259,0.7090040513650793,0.3623556653100889
27,2025-02-03,696.840087890625,21415700,META,0.012014372572128782,0.007048937868543114,16.879634902560767,0.391304347826087,0.6419488287058003,0.6583953951956523,0.4035265188205551,0.6737052003478261,0.4244603821443978
28,2025-02-04,703.5640869140625,13826300,META,0.00964927124642245,0.006733236871642037,16.442083205827544,0.3888888888888889,0.6358623967921996,0.6356681241458333,0.4308410365658836,0.7002390676944444,0.4061419577727472
29,2025-02-05,704.2434692382812,17778200,META,0.0009656296233064178,0.007803820297517838,16.693483601828518,0.4027777777777778,0.615984357264908,0.6083075610069445,0.4347248161362726,0.6829487365833332,0.4198069846214245
30,2025-02-06,711.3571166992188,13080700,META,0.010101119529914437,0.007236375053588218,16.38664849582943,0.42105263157894735,0.6126550908854109,0.6097091081513158,0.4282814705844178,0.6815469233421051,0.41092224925678095
31,2025-02-07,713.8848876953125,16427100,META,0.0035534486641855875,0.007270771000536395,16.614443028918632,0.41975308641975306,0.6058194640190274,0.5868339202419753,0.42541908656124416,0.6704838591530864,0.41766057053072236
32,2025-02-10,716.7623291015625,12904300,META,0.004030679813855504,0.006690041197517729,16.37307122461557,0.375,0.6272686099996628,0.5596856302795454,0.42623895956870933,0.6527784214579545,0.41855127257854896
33,2025-02-11,719.16015625,12998000,META,0.0033453587766576623,0.004855809773731133,16.38030613437134,0.3793103448275862,0.6110360395403225,0.5844554571793102,0.4263975063127338,0.6581715672218391,0.41882323455545806
34,2025-02-12,724.7352294921875,12016500,META,0.007752199831617827,0.004717802110752032,16.301791346524322,0.38372093023255816,0.6131998545783823,0.5681557844837208,0.43628919922396725,0.6559782223058139,0.42245098149237575
35,2025-02-13,727.9124145507812,12569100,META,0.004383925231315113,0.0036837694249723667,16.34675205851794,0.38271604938271603,0.6199940508389985,0.5522228472419752,0.44190457949766054,0.6545290822506172,0.42121551301083093
36,2025-02-14,736.0151977539062,16901200,META,0.011131535939149348,0.003884161002914657,16.642895242457055,0.44871794871794873,0.5915524100030423,0.5370913790141025,0.44292814250433393,0.6501299495679488,0.4299275592095058
37,2025-02-18,715.7332153320312,21938700,META,-0.02755647231710625,0.01117479839520055,16.903762804130572,0.4,0.5537749241945382,0.5542200464611111,0.43501089716619595,0.6465773572922222,0.42936970039935607
38,2025-02-19,703.1444702148438,17535500,META,-0.01758859984072073,0.012538708744641167,16.67973801257683,0.41935483870967744,0.5549887269059758,0.5481402942311828,0.4394791686018899,0.5888274078311827,0.4931437640677522
39,2025-02-20,694.222412109375,12587400,META,-0.012688797940404254,0.013151790179793938,16.348206951032644,0.425531914893617,0.5552335468382933,0.5627520649946809,0.4380207863927454,0.6023509723861703,0.4902985771960517
40,2025-02-21,682.9423828125,15660400,META,-0.016248437244486175,0.013241114517512259,16.56664585484021,0.42391304347826086,0.5363665126728403,0.5555475230923913,0.4494673383330168,0.5878200374380435,0.5039635598541727
41,2025-02-24,667.5361328125,15677000,META,-0.022558638016510018,0.014133208023802652,16.56770529183838,0.3786407766990291,0.5765061296816907,0.5611581800320388,0.4512644434765181,0.5820318818825244,0.503773758044781
42,2025-02-25,656.9155883789062,20579700,META,-0.01591006675376011,0.01387099995585514,16.839815759596025,0.34375,0.5367363761661771,0.5859777452635417,0.4529224070908191,0.5882746339239583,0.5087358769873633
43,2025-02-26,673.1011962890625,14488700,META,0.024638794080222765,0.017153433357772443,16.488879662245115,0.3645833333333333,0.5423673352893671,0.578381714784375,0.45299837148895844,0.5701914030385417,0.5094889928869074
44,2025-02-27,657.6549072265625,12500000,META,-0.022947944748365312,0.01707338641286551,16.341239282272525,0.37894736842105264,0.5463553377836204,0.5816871880873683,0.46220876338746836,0.5731137259336843,0.5175731726810123
45,2025-02-28,667.6060791015625,17534200,META,0.015131297228459387,0.018338279522348917,16.67966387450742,0.3894736842105263,0.5485816514019106,0.5693306942557895,0.46863609399058703,0.5629507145863157,0.5243766289503159
46,2025-03-03,654.4677124023438,10843800,META,-0.019679818849013233,0.01723617324880293,16.199104138270375,0.3469387755102041,0.5732478328648218,0.5598968862683674,0.48121619927331444,0.5681445492755102,0.5204379010177226
47,2025-03-04,639.4310913085938,21495200,META,-0.022975344404012422,0.016819036879856888,16.88334025888066,0.32926829268292684,0.5854928723979419,0.5526260576939025,0.47216419554688466,0.5866976850121951,0.505737078863129
48,2025-03-05,655.886474609375,13770000,META,0.02573441223682971,0.020197385746732792,16.438002943326477,0.3055555555555556,0.5925202502139316,0.5677107451236112,0.45368434614161884,0.6300457199861111,0.44687512710688476
49,2025-03-06,627.371826171875,13446500,META,-0.043474975535182994,0.023309647911934024,16.414229481468695,0.24285714285714285,0.6195785269200411,0.5395987769842856,0.4768023796601259,0.6004754450428572,0.46843660481193805
50,2025-03-07,625.1038208007812,21375700,META,-0.0036150896111047334,0.02326538286051668,16.87776536757098,0.23880597014925373,0.625086316160356,0.5320624387149254,0.47043852473278386,0.5750780901044776,0.49795575751862364
51,2025-03-10,597.4584350585938,21999900,META,-0.044225270782656124,0.025604598352350814,16.906548511312465,0.2786885245901639,0.5763408469261293,0.5086544202622951,0.4653991653088546,0.5516926370819673,0.48937801180607426
52,2025-03-11,605.171630859375,17401500,META,0.01291001239278646,0.026561155611468976,16.672067024832018,0.2807017543859649,0.58502919300116,0.42644735571929826,0.5409609880157814,0.5145854917245614,0.5038363585398994
53,2025-03-12,619.00927734375,15747000,META,0.02286565625147502,0.026325038546286986,16.572160492406702,0.28125,0.5719689130538477,0.43987631357812507,0.5429141286699826,0.5215455053015625,0.4941970480239722
54,2025-03-13,590.114990234375,16480300,META,-0.04667827796275393,0.028775006863284897,16.61767634684191,0.24242424242424243,0.5789385810467513,0.4707925433181819,0.525321477887725,0.5680915174439395,0.46954663808890135
55,2025-03-14,607.5999755859375,12364500,META,0.02962979358415894,0.03051693014883623,16.33034010228023,0.22058823529411764,0.6146636630590111,0.497250531367647,0.5207727933471694,0.5625787539602941,0.48386157759842446
56,2025-03-17,604.9000244140625,15473900,META,-0.004443632785322792,0.030301335790725775,16.554665356242456,0.2753623188405797,0.5869117893135243,0.5351226371449277,0.49678636800529313,0.5712514003188405,0.4846328328214757
57,2025-03-18,582.3599853515625,20297700,META,-0.037262420487308545,0.03143161897316729,16.826018186367083,0.23595505617977527,0.5409619378521674,0.4702285690674157,0.4906297089158621,0.52101773346,0.48678783815468996
58,2025-03-19,584.0599975585938,20537500,META,0.002919177570218834,0.029404507746262826,16.837763090019077,0.1456953642384106,0.43668454362475506,0.4489252521390728,0.4517770787598223,0.4022235315605298,0.5653279887629918
59,2025-03-20,586.0,24336500,META,0.0033215807442995206,0.02733737137315474,17.007487880054317,0.11682242990654206,0.36223242946324247,0.39824594860280377,0.42284488306185153,0.3551658149702804,0.5530660083856804
60,2025-03-21,596.25,25015900,META,0.01749146757679181,0.028376294078024316,17.035022220644763,0.10852713178294573,0.34641710033339906,0.3864121985183333,0.4195978452451787,0.34373667188038765,0.5456817976291578
61,2025-03-24,618.8499755859375,15741300,META,0.03790352299528302,0.027421148293633117,16.571798453192123,0.06629834254143646,0.30830511443765063,0.3748686872340608,0.40662627659944617,0.28817270972856357,0.5381311300776483
62,2025-03-25,626.3099975585938,15312500,META,0.012054653416755776,0.02739111889854742,16.54418011157534,0.059665871121718374,0.2911107574161933,0.3966713449921957,0.39772307768246484,0.2920458294504535,0.5520651459420335
63,2025-03-26,610.97998046875,12609800,META,-0.024476724225385795,0.027813915465598357,16.34998492669049,0.04583333333333333,0.2621691036123217,0.3593677807873542,0.40111400181035556,0.27039807769029167,0.542455809409351
64,2025-03-27,602.5800170898438,10436500,META,-0.01374834470429246,0.02339771668262027,16.160819930985657,0.043560606060606064,0.24617569660637073,0.36122699109020834,0.4022991958250625,0.2786070019146591,0.537252438693495
65,2025-03-28,576.739990234375,17602800,META,-0.042882316244509715,0.025169302954824575,16.683568595072998,0.043243243243243246,0.22843834172016708,0.36649012261446845,0.4039306943993707,0.2871878026359279,0.5335286198286237
0,2024-12-20,254.21051025390625,147495300,AAPL,0.018815872401230692,0.011580032293575465,18.809306875609565,0.6,0.5830951894845302,0.6020537925,0.45000435356161245,0.5122071849500001,0.5341572568373979
1,2024-12-23,254.9896545410156,40858800,AAPL,0.003064957016651809,0.010873329036251227,17.52563280282139,0.6,0.6110100926607788,0.5928229901555555,0.4757602628123975,0.512863233111111,0.5471127798316651
2,2024-12-24,257.9164428710937,23234700,AAPL,0.011478066964506267,0.011168389078510838,16.961157451901094,0.625,0.5994789404140899,0.5925320107708333,0.47530661378725997,0.5293319691458332,0.5416709398027099
3,2024-12-26,258.7355041503906,27237100,AAPL,0.003175684613897601,0.010693506553642687,17.12009060920619,0.5660377358490566,0.5990380326938696,0.6226064495660378,0.454081107879987,0.5657932090377359,0.4935136857665372
4,2024-12-27,255.30929565429688,42355300,AAPL,-0.013242127350648631,0.012133425409290551,17.561604142421523,0.5,0.6403124237432849,0.6105251657399999,0.48199901984115107,0.53378281038,0.5346115529803752
5,2024-12-30,251.9230194091797,35557500,AAPL,-0.013263427155830612,0.013197245365168878,17.386661690549982,0.42857142857142855,0.6700593942604902,0.5836548406530612,0.48834837206593484,0.5141730019904082,0.5121512778060835
6,2024-12-31,250.1449737548828,39480700,AAPL,-0.00705789275814025,0.012946992521620956,17.491322528197657,0.35,0.7262919523166975,0.62518203755,0.46732542875574307,0.50833467108825,0.5335754608864983
7,2025-01-02,243.5821990966797,55740700,AAPL,-0.02623588457401503,0.01476050047946518,17.836221156185857,0.325,0.7206767652699787,0.59583704055,0.5131360990863243,0.48199142523824995,0.5598827008536275
8,2025-01-03,243.0927276611328,40244100,AAPL,-0.002009471288797257,0.013393915438889693,17.510473992081813,0.2564102564102564,0.741376015117998,0.5557487077435898,0.5380778648601366,0.41711819932128197,0.5786639892017019
9,2025-01-06,244.73092651367188,45045600,AAPL,0.0067389874979011475,0.013373964637241656,17.623185890192012,0.28888888888888886,0.6870944370551247,0.4975056858222222,0.5463561560284571,0.42080033430066666,0.5717179378010806
10,2025-01-07,241.94400024414065,40856000,AAPL,-0.01138771592635445,0.011461130430933837,17.525564271785825,0.3191489361702128,0.6874678477192983,0.5048237715319148,0.5358818273006781,0.4340828085857446,0.5638498597789622
11,2025-01-08,242.43344116210935,37628900,AAPL,0.0020229512510118396,0.01138542031886612,17.443282956721927,0.20930232558139536,0.7007683336427613,0.523423688488372,0.5189885922201186,0.447953820965814,0.551550469576977
12,2025-01-10,236.58987426757807,61710900,AAPL,-0.02410379882626765,0.011230075632948658,17.937971150741628,0.13636363636363635,0.6938335237488066,0.5156123576136364,0.5348906739229707,0.4248473924665909,0.5589624628980187
13,2025-01-13,234.1425628662109,49630700,AAPL,-0.010344108804078836,0.010450153226829483,17.720120171985332,0.14285714285714285,0.7284313590846834,0.42488963430612253,0.5851061475343037,0.42351812701081637,0.5741584821930535
14,2025-01-14,233.02378845214844,39435300,AAPL,-0.0047781761691134276,0.01049101105215723,17.49017193759859,0.17647058823529413,0.7058823529411764,0.44965642315686266,0.5590297749630115,0.43011548999078425,0.5363487386003104
15,2025-01-15,237.60874938964844,39832000,AAPL,0.019675935096392635,0.013698910608749532,17.5001811924096,0.13725490196078433,0.7145438101289647,0.4452567802156862,0.55439217122411,0.4335936685529412,0.5444308027024289
16,2025-01-16,228.00930786132807,71759100,AAPL,-0.040400202235728676,0.01756522831626363,18.08882524776566,0.19642857142857142,0.7176261177646468,0.47029893180357135,0.5448533342005073,0.4360771474321429,0.5461353258706433
17,2025-01-17,229.7274169921875,68488300,AAPL,0.007535258744368281,0.017142130541289963,18.0421735003253,0.19672131147540983,0.6970587418186658,0.5115706918196721,0.5091199370240328,0.4519427101016393,0.5277573156569322
18,2025-01-21,222.39547729492188,98070400,AAPL,-0.03191582351493974,0.018940207274463154,18.401196156276225,0.1891891891891892,0.6713374242364443,0.5398382533918918,0.48370579846628453,0.4360731720567567,0.5393158448464471
19,2025-01-22,223.58416748046875,64126500,AAPL,0.005344938665144416,0.018818722263790836,17.976368268588665,0.12162162162162163,0.6965688631816146,0.5391557771486486,0.48497337103997673,0.430780419408108,0.5383557765719014
20,2025-01-23,223.41436767578125,60234800,AAPL,-0.0007594446717804063,0.01895814854323717,17.913760832950565,0.10256410256410256,0.6904057445044234,0.5217363089615384,0.48044583207643615,0.4159312806089744,0.5302366557648321
21,2025-01-24,222.5353240966797,54697900,AAPL,-0.0039345883984383215,0.01870809406537718,17.817335893712624,0.136986301369863,0.6887564432863859,0.5219505980684933,0.47919014181729047,0.4037437570890411,0.5274345533589172
22,2025-01-27,229.6075439453125,94863400,AAPL,0.03178021232063055,0.02160734567156149,18.36794853060677,0.13095238095238096,0.7201151016588864,0.46176562826190476,0.49118261911927585,0.41544524945833333,0.5155021773917425
23,2025-01-28,237.99832153320312,75707600,AAPL,0.03654399783087756,0.024655787176391598,18.142389122878207,0.11842105263157894,0.7248793958336488,0.4988491687894736,0.4535651841919608,0.41569594196710535,0.5120701550607825
24,2025-01-29,239.0971221923828,45486100,AAPL,0.004616842052083102,0.024551429145995434,17.63291736472747,0.07407407407407407,0.7162622076227303,0.4761622320864198,0.45589652405999104,0.404712345071605,0.5402955420443439
25,2025-01-30,237.3290557861328,55658300,AAPL,-0.007394762387927759,0.02397555503714116,17.834741788982406,0.14457831325301204,0.7135948383113663,0.49478465427710844,0.45543284183328075,0.4125981250192772,0.5418237039392267
26,2025-01-31,235.7408142089844,101075100,AAPL,-0.006692149732309391,0.019615417384296882,18.431374372748586,0.1511627906976744,0.7073935429886108,0.5083556438604651,0.45814931895553773,0.4465527719372094,0.5183446693716469
27,2025-02-03,227.75958251953125,73063300,AAPL,-0.03385596048030014,0.0227834565788691,18.10683676035289,0.13953488372093023,0.7496168121528459,0.48509939374418604,0.481560673183093,0.4477168785651163,0.5295202488440495
28,2025-02-04,232.54432678222656,45067300,AAPL,0.0210078724669466,0.0207651524037008,17.623667508249756,0.14285714285714285,0.7510042750545958,0.4482237246493506,0.5039544215633623,0.47163741201558457,0.5013837304480343
29,2025-02-05,232.21469116210935,39620300,AAPL,-0.0014175173597157395,0.02085051296735081,17.494852196378964,0.13924050632911392,0.7245107858862879,0.4384939486582279,0.5124598998014257,0.4869508896354429,0.5037566518312133
30,2025-02-06,232.9638671875,29925300,AAPL,0.0032262214834101635,0.02078764852663565,17.214214867837256,0.15789473684210525,0.6698906348083087,0.5117742246631577,0.5064371076596771,0.5444120028305264,0.4963189389407641
31,2025-02-07,227.3800048828125,39707200,AAPL,-0.023968791264069082,0.022568027675426424,17.497043114599506,0.14414414414414414,0.6554944058948201,0.5216700292432432,0.5242949689536365,0.5553181605666667,0.5186173307067348
32,2025-02-10,227.6499938964844,33115600,AAPL,0.0011873911860062227,0.02007647008202766,17.31551505861166,0.1794871794871795,0.6217618283580583,0.5569434451623932,0.4958438683029919,0.5619447841726496,0.5122801830934692
33,2025-02-11,232.6199951171875,53718400,AAPL,0.021831765227118893,0.017407682887719753,17.79926616372583,0.20161290322580644,0.6088042048421703,0.5394042676935484,0.500105965415107,0.5250593139370968,0.5325323641880555
34,2025-02-12,236.8699951171875,45243300,AAPL,0.01827014052622161,0.018498305715101204,17.62756517295169,0.20149253731343283,0.6203014523079505,0.5065115809179104,0.5448566406270104,0.5116761028388059,0.5481284084475286
35,2025-02-13,241.52999877929688,53614100,AAPL,0.019673254351206093,0.019382208206457953,17.797322669800195,0.19718309859154928,0.6079223057720352,0.49037137881690146,0.5474636509054703,0.513855313615493,0.5602375176471103
36,2025-02-14,244.6000061035156,40896200,AAPL,0.012710666748373586,0.019394761372452538,17.52654773161337,0.17880794701986755,0.5764253019069924,0.47022095763576155,0.5464146520619589,0.4875016925415232,0.5726847407751526
37,2025-02-18,244.47000122070312,48822500,AAPL,-0.0005314999164695567,0.014417262198931321,17.703701850621435,0.18333333333333332,0.5320296566504132,0.4973218925016667,0.530184793295232,0.48508491146538896,0.5683161868374923
38,2025-02-19,244.8699951171875,32204200,AAPL,0.0016361676053793925,0.013635936876604617,17.28760746784322,0.19895287958115182,0.5239788901862541,0.5035132036937172,0.5230680818145285,0.49354206326790573,0.5591006413878941
39,2025-02-20,245.8300018310547,32316900,AAPL,0.00392047508069642,0.013448608525173761,17.291100902118927,0.2182741116751269,0.5118604128306814,0.5255789729720812,0.5112593363255205,0.49617258803131975,0.5566334243811086
40,2025-02-21,245.5500030517578,53197400,AAPL,-0.0011389935207717348,0.013611134453748917,17.78952009973505,0.2358974358974359,0.5220704243127976,0.5085682334333333,0.5199013192819617,0.47338675404702557,0.5568033582503296
41,2025-02-24,247.1000061035156,51326400,AAPL,0.006312372357947271,0.008922244566391378,17.753715817135788,0.2676056338028169,0.5115863153860983,0.5161402334248826,0.5129130578313709,0.4828768179673239,0.5340897247247922
42,2025-02-25,247.0399932861328,48013300,AAPL,-0.00024286853865006946,0.009060869655240915,17.686988634652565,0.2376237623762376,0.5004654240039639,0.5197397825470298,0.5218148104103525,0.47775855705316833,0.5476124956169881
43,2025-02-26,240.3600006103516,44433600,AAPL,-0.02704012652738439,0.013167319545241382,17.609506520468685,0.2146341463414634,0.4966035743463197,0.4982845662121951,0.539314390902224,0.4796364690475121,0.5447773495179925
44,2025-02-27,237.3000030517578,41153600,AAPL,-0.012730893454915366,0.012913018096641901,17.532821990371655,0.21875,0.4610478328402235,0.5096788950911458,0.5251568253197814,0.48554978325645837,0.536758187483743
45,2025-02-28,241.83999633789065,56833400,AAPL,0.019131872009047625,0.012823393213504041,17.855634756634863,0.2,0.48340894750336943,0.5075735407184211,0.5216924592959764,0.4898674500065262,0.5170551404373575
46,2025-03-03,238.02999877929688,47184000,AAPL,-0.015754207808002855,0.012897478074484435,17.66956543123082,0.1836734693877551,0.5120375220528322,0.4669786970331633,0.542862856662231,0.4523232745605612,0.5366235311346756
47,2025-03-04,235.92999267578125,53798100,AAPL,-0.008822443029387929,0.013012578544391121,17.800748727111277,0.1751412429378531,0.5292069616879769,0.4530023057694916,0.5536757840440691,0.4693363605755367,0.5277694813066502
48,2025-03-05,235.7400054931641,47227600,AAPL,-0.0008052693108766484,0.012928704483434519,17.670489046595367,0.18128654970760233,0.5373756728729889,0.4559108061695906,0.5539911351251151,0.46872298266590645,0.5476258939169085
49,2025-03-06,235.3300018310547,45170400,AAPL,-0.0017392197020258938,0.012678677979260327,17.625952585164992,0.17682926829268292,0.5514501460092384,0.429552529945122,0.5745138852594116,0.4481636696821341,0.5606169287267867
50,2025-03-07,239.07000732421875,46273600,AAPL,0.015892599600832207,0.014200554159691734,17.65008218365997,0.14193548387096774,0.5499408728032542,0.4179989982387097,0.5770595023583993,0.44151296101851617,0.5800734096621517
51,2025-03-10,227.47999572753903,72071200,AAPL,-0.0484795718475958,0.019839361091449487,18.093165091115875,0.0821917808219178,0.5552594027263351,0.373859189780822,0.5629816026599828,0.4022555286027398,0.5841273882545053
52,2025-03-11,220.83999633789065,76137400,AAPL,-0.029189377151217052,0.020666699955731355,18.148050173846933,0.08,0.5479659356809202,0.3460163203866667,0.5729030972518272,0.39243030964666675,0.5825162392724345
53,2025-03-12,216.97999572753903,62547500,AAPL,-0.01747872067723513,0.02005180074496463,17.95143684204072,0.07643312101910828,0.523844208788588,0.4094361829681529,0.5512604317263936,0.4137643389936305,0.5741440451040153
54,2025-03-13,209.67999267578125,61368300,AAPL,-0.0336436685201357,0.021412890406712175,17.93240398944564,0.0875,0.5290025992374695,0.45046114576249996,0.538102419208926,0.44963280388750004,0.5572163568566942
55,2025-03-14,213.4900054931641,60107600,AAPL,0.01817060735629695,0.02125876511720353,17.911646864054216,0.10457516339869281,0.5133944284092935,0.4653825671437909,0.5388497592321438,0.45755065709803927,0.5668094017590348
56,2025-03-17,214.0,48073400,AAPL,0.002388844881322742,0.021690125449159214,17.688239588355554,0.14666666666666667,0.5213657278937902,0.47497300861333336,0.5297274474282108,0.4989754227866666,0.5393578245191368
57,2025-03-18,212.69000244140625,42432400,AAPL,-0.006121483918662383,0.021728329371367105,17.563422802897797,0.15172413793103448,0.5163670771678586,0.4464986694344828,0.5384789079883906,0.48653431262068964,0.5394322909402071
58,2025-03-19,215.2400054931641,54385400,AAPL,0.011989294383784394,0.02269182661291259,17.81160631183953,0.1476510067114094,0.5099787984298756,0.4316593684630872,0.5366608861587709,0.48598719975637583,0.5286052011290608
59,2025-03-20,214.1000061035156,48862900,AAPL,-0.005296410335227854,0.022596155572717325,17.704528995752153,0.13815789473684212,0.500648817263306,0.42549169032236844,0.5110265331640725,0.5000508656361842,0.5189265011961408
60,2025-03-21,218.2700042724609,94127800,AAPL,0.019476870855058045,0.023061631183324948,18.360164001941694,0.1456953642384106,0.506871340878211,0.3988509677682119,0.5120670147831897,0.4935084939119205,0.5192071903724057
61,2025-03-24,220.72999572753903,44299500,AAPL,0.011270405492856362,0.019032400645695963,17.60648397084357,0.14666666666666667,0.5084180257316694,0.38110570526666665,0.5365986445227032,0.48013218068466673,0.5477995892922015
62,2025-03-25,223.75,34493600,AAPL,0.013681893403326786,0.017176429547935475,17.3562843865375,0.18055555555555555,0.5089856167169079,0.38985176501388885,0.5156248135866351,0.5024238433798611,0.536389465469962
63,2025-03-26,221.52999877929688,34466100,AAPL,-0.009921793165153632,0.016400109575538842,17.355486819243552,0.19117647058823528,0.521799852917946,0.33861288881911766,0.5214442620706599,0.5140161061889706,0.540680017293117
64,2025-03-27,223.8500061035156,37094800,AAPL,0.010472655337889788,0.010592259185243789,17.42898738298698,0.19708029197080293,0.5244310933338997,0.30123888455766423,0.5153849751576953,0.4874017850562043,0.5441367155782096
65,2025-03-28,217.8999938964844,39818600,AAPL,-0.026580353115021636,0.014053659307845355,17.4998447228842,0.1773049645390071,0.5092573920855674,0.29906618904539,0.5137872799758387,0.4837003509624114,0.5372445945279488
0,2024-12-20,224.9199981689453,88279200,AMZN,0.007299945952901463,0.020023948158628325,18.29601508856423,0.6612903225806451,0.4732709919716519,0.6414134575000001,0.3907309605501365,0.6858197272741935,0.3688591537054984
1,2024-12-23,225.05999755859372,28070000,AMZN,0.0006224408269079329,0.01999097582830526,17.15021198396329,0.6724137931034483,0.5047338333898086,0.6596236985172413,0.380257147503101,0.6797266987931034,0.36364983322785355
2,2024-12-24,229.0500030517578,15007500,AMZN,0.017728630305015907,0.020687373498472824,16.524060700741483,0.6481481481481481,0.514868102757698,0.6807425554814813,0.3695675516319666,0.7118838746296295,0.34417490974765363
3,2024-12-26,227.0500030517578,16146700,AMZN,-0.008731717849172285,0.01947451603391375,16.59722631432066,0.6206896551724138,0.5195351439075643,0.6753562894137931,0.4080738958749791,0.714779033275862,0.35570851417452104
4,2024-12-27,223.75,27367100,AMZN,-0.01453425680424039,0.019897579929003248,17.124852156517765,0.6140350877192983,0.5542304911905725,0.7013286848070175,0.39034514779519286,0.7399892116666666,0.33856668916189886
5,2024-12-30,221.3000030517578,28321200,AMZN,-0.01094970703125,0.020053377061747455,17.159121234082683,0.6140350877192983,0.5542304911905725,0.7227505018245615,0.3831574712501664,0.7597769814912281,0.3297779846818584
6,2024-12-31,219.38999938964844,24819700,AMZN,-0.008630834323407858,0.017768304361523178,17.02714829093167,0.6296296296296297,0.5543196128553985,0.7275110152592593,0.3500057882433143,0.7327002180555555,0.3497480726634438
7,2025-01-02,220.22000122070312,33956600,AMZN,0.0037832254586069787,0.01800434793260424,17.340593826059028,0.603448275862069,0.5854457533224015,0.740507771051724,0.34899737166302336,0.744675871637931,0.3452365218748189
8,2025-01-03,224.19000244140625,27515600,AMZN,0.018027432561515674,0.012098839877692669,17.130263710868743,0.625,0.5843952918554847,0.7411152694821429,0.34374483988002114,0.738172956375,0.3420651612973621
9,2025-01-06,227.6100006103516,31849800,AMZN,0.015254909370185601,0.012393489760813062,17.27654169192525,0.6290322580645161,0.574564939695383,0.7449187179193549,0.34744745590564347,0.7322667047419354,0.3482890101928086
10,2025-01-07,222.1100006103516,28084200,AMZN,-0.02416414035082544,0.014678190931410226,17.150717734193794,0.6197183098591549,0.5902063898523088,0.7193320512816902,0.3896937464227895,0.7167262035774647,0.3652548347482764
11,2025-01-08,222.1300048828125,25033300,AMZN,9.006470850451551e-05,0.014671974275102612,17.035717536454236,0.6060606060606061,0.5741604642877701,0.7391867081363637,0.3807909011991127,0.7426176377727272,0.3520043799915528
12,2025-01-10,218.94000244140625,36811500,AMZN,-0.01436097047352597,0.013534048119958232,17.42132088148663,0.6351351351351351,0.5593027590966185,0.7327769552162162,0.38566612384426335,0.7235917616756756,0.3776977254362629
13,2025-01-13,218.4600067138672,27262700,AMZN,-0.0021923619356290142,0.013460436630815642,17.12103006222963,0.6385542168674698,0.5720037335165886,0.7615381927228915,0.33510071295461835,0.7254485283650602,0.3773008619116422
14,2025-01-14,217.75999450683597,24711700,AMZN,-0.0032043036964110234,0.01291945671558509,17.022787414122444,0.6551724137931034,0.5430350257939176,0.7505275373103448,0.33728490505150643,0.7228729457965517,0.37985712552011
15,2025-01-15,223.3500061035156,31291300,AMZN,0.02567051679689562,0.015275800874594717,17.258850693559854,0.6451612903225806,0.54170502012086,0.7355035212473118,0.34188255326203004,0.7169216225516127,0.3781055257038091
16,2025-01-16,220.66000366210935,24757300,AMZN,-0.012043887924316956,0.01555121538737821,17.024630993377,0.6363636363636364,0.5587602701389627,0.735613399828283,0.34522374047598287,0.7133224698414142,0.38440207846225194
17,2025-01-17,225.94000244140625,42370100,AMZN,0.023928209424767442,0.017212999621138727,17.561953506361995,0.631578947368421,0.5629365034577234,0.7150018071157895,0.3677410823929284,0.7107559683610526,0.3863237134271214
18,2025-01-21,230.7100067138672,39951500,AMZN,0.02111181827440211,0.017542634889998316,17.503176801435707,0.6039603960396039,0.5642695781693076,0.7224315345346535,0.3685311924250419,0.7218803135475247,0.38119866882170855
19,2025-01-22,235.00999450683597,41448200,AMZN,0.018638063663626605,0.017835224852996368,17.539955036914915,0.5784313725490197,0.5847116686764097,0.7234375456666668,0.36715285886266735,0.7170750647088235,0.38013154235625074
20,2025-01-23,235.4199981689453,26404400,AMZN,0.0017446222360446052,0.015060692008566775,17.08904125876834,0.5876288659793815,0.5699082458179485,0.7290641304123711,0.3523919807276217,0.7233115534051545,0.3709154698670909
21,2025-01-24,234.8500061035156,25890700,AMZN,-0.002421170970448613,0.015189424848980131,17.069394427452323,0.5978260869565217,0.5721770516631239,0.7097692911956521,0.3644941474582682,0.7147969020684783,0.3777551213431705
22,2025-01-27,235.4199981689453,49428300,AMZN,0.00242704726683498,0.013568706911656275,17.716033712853452,0.6222222222222222,0.5883645464388324,0.6994461297222223,0.366433347124807,0.7187755603255555,0.365242252975719
23,2025-01-28,238.1499938964844,41587200,AMZN,0.011596277923594045,0.013184639905121325,17.54330300962267,0.620253164556962,0.5803490322201339,0.6576995966455695,0.386796681247554,0.715108481379747,0.36501600764334874
24,2025-01-29,237.07000732421875,26091700,AMZN,-0.00453490069260756,0.013324599942257178,17.07712785238129,0.5789473684210527,0.5907880084379902,0.6680662949342105,0.38803255899231254,0.7153343049868421,0.3639308766617153
25,2025-01-30,234.63999938964844,32020700,AMZN,-0.010250170242948595,0.013053901558116419,17.28189315786035,0.5641025641025641,0.6116338688141832,0.6601826661153847,0.39857382119472196,0.7028134270897436,0.3959997892198932
26,2025-01-31,237.67999267578125,36162400,AMZN,0.012955989149507845,0.011751897413810108,17.403530490620195,0.47560975609756095,0.6290839208062895,0.6607929659569513,0.41944119613957653,0.701326479402439,0.3967404371413466
27,2025-02-03,237.4199981689453,37285900,AMZN,-0.0010938846972727546,0.010463172986937417,17.434125823881953,0.4948453608247423,0.5941937505562703,0.6626522333450515,0.3935591056465068,0.6827782894845362,0.41309122620295585
28,2025-02-04,242.05999755859372,29713800,AMZN,0.019543422733693392,0.010203653236633668,17.20712217597723,0.49,0.6081940479813986,0.6326143511946999,0.4139874828221622,0.6768733711739999,0.4055317376087934
29,2025-02-05,236.1699981689453,38727300,AMZN,-0.02433280777102652,0.012537994613440935,17.472055361481956,0.51,0.5915234568468101,0.6221704608947001,0.4259810869101593,0.678315168627,0.4115295378663757
30,2025-02-06,238.8300018310547,60897100,AMZN,0.011263088803542815,0.012990761269864556,17.924696128919827,0.4224137931034483,0.5894307901369549,0.640012030383362,0.4109230982259291,0.6725479829844827,0.41561091300233716
31,2025-02-07,229.1499938964844,77539300,AMZN,-0.04053095448794494,0.018636863801389507,18.166295475464334,0.39705882352941174,0.5723970722361349,0.6237794361358089,0.4360725306226983,0.6533810699426471,0.42675900511849924
32,2025-02-10,233.13999938964844,35419900,AMZN,0.017412199866636124,0.01963453704032614,17.382784395284,0.35185185185185186,0.5716795940901159,0.5979667934924073,0.4245823231299013,0.6109917317469136,0.45390838047932164
33,2025-02-11,232.75999450683597,23713700,AMZN,-0.0016299428832774717,0.01914633114372535,16.981563540335017,0.34705882352941175,0.5663273290232571,0.6076401475398234,0.4209208730674838,0.6174737666411765,0.4519479574939589
34,2025-02-12,228.92999267578125,32285200,AMZN,-0.016454725560419412,0.019677079780507648,17.29011950982478,0.3611111111111111,0.5653306691062303,0.6111562621653889,0.41930471983077405,0.6189207064888889,0.4533878600764457
35,2025-02-13,230.3699951171875,31346500,AMZN,0.006290143220533066,0.019724166345695137,17.260613207968955,0.34972677595628415,0.5512900238313272,0.5997810541539343,0.41647107911236814,0.6064700631857923,0.4499753011909663
36,2025-02-14,228.67999267578125,27031100,AMZN,-0.007336035409240506,0.019087196653011475,17.112498649942506,0.3687150837988827,0.5372431410132436,0.5940734950877095,0.4110150215944565,0.603870847396648,0.4489859963228325
37,2025-02-18,226.6499938964844,42975100,AMZN,-0.008877028355405563,0.019128352672657896,17.57613145943403,0.36,0.5388877434122997,0.6006395604685,0.41142789218024955,0.6013856837179999,0.4448043825915107
38,2025-02-19,226.6300048828125,28566700,AMZN,-8.819331220027654e-05,0.01731167415556151,17.167752296766153,0.3463414634146341,0.5245660510739536,0.6087233314756098,0.39754670524183877,0.5919171709682927,0.4493476799275838
39,2025-02-20,222.8800048828125,30001700,AMZN,-0.016546793977871895,0.01657641844129216,17.216764638019047,0.3431372549019608,0.5238450983291203,0.611686461629902,0.39242015031182,0.5936209367362745,0.44828402687163255
40,2025-02-21,216.5800018310547,55323900,AMZN,-0.02826634473141848,0.01680674995825681,17.82871557926667,0.3838383838383838,0.5357345699465098,0.6145080594121212,0.39022990594361706,0.6045491181954545,0.44497880004768964
41,2025-02-24,212.7100067138672,42387600,AMZN,-0.017868663239768216,0.013344228622850866,17.562366448191135,0.38308457711442784,0.5531568721303395,0.6118272532616915,0.3695665062236116,0.595000548261194,0.4487481642595725
42,2025-02-25,212.8000030517578,58958000,AMZN,0.000423094048469878,0.010653454394626996,17.892335900928664,0.39344262295081966,0.5415628625926711,0.6260959927382515,0.37282106452377345,0.6181886977196721,0.4382197706767903
43,2025-02-26,214.3500061035156,39120600,AMZN,0.0072838488229757595,0.011666653369207254,17.482159765998567,0.3854748603351955,0.5410636877230502,0.6173628469558659,0.37096514707324824,0.6118287612664804,0.43725083249413543
44,2025-02-27,208.7400054931641,40548600,AMZN,-0.026172150457706447,0.012786707789921258,17.518011837314013,0.37790697674418605,0.5415097677382888,0.6056970271633721,0.3753349803589892,0.614360449591279,0.4354922498441354
45,2025-02-28,212.27999877929688,51771700,AMZN,0.01695886362448483,0.01453983862565055,17.76235424520522,0.37349397590361444,0.5424363462405033,0.6209848028295181,0.37049026640928856,0.629204555257229,0.4346626422651691
46,2025-03-03,205.0200042724609,42948400,AMZN,-0.03420008737791652,0.01671283171929017,17.575509976365073,0.31843575418994413,0.5635539759963571,0.6159371252441341,0.37965739112206337,0.6100725676011174,0.43860380563157897
47,2025-03-04,203.8000030517578,60853100,AMZN,-0.005950644792113937,0.016774492351479053,17.92397333747977,0.29605263157894735,0.5716874351826412,0.6049874259388158,0.3799383487441455,0.611636558361842,0.44004538403218685
48,2025-03-05,208.3600006103516,38610100,AMZN,0.022374865016246855,0.01958392347902557,17.469024484139613,0.3049645390070922,0.5827698889127416,0.5959563150560283,0.3923160975419448,0.6181601914446808,0.436447205364361
49,2025-03-06,200.6999969482422,49863800,AMZN,-0.036763311766514005,0.02149221845176893,17.724805866607735,0.296551724137931,0.5768420321745242,0.5835904796475863,0.40190242796419656,0.6077313033668966,0.4396040910338656
50,2025-03-07,199.25,59802800,AMZN,-0.007224698407026494,0.020537725013822786,17.90656305728881,0.28368794326241137,0.5752118466947973,0.5545793495588653,0.4242654662626282,0.5496448045617021,0.4786485568508347
51,2025-03-10,194.5399932861328,62350900,AMZN,-0.023638678614138958,0.020919734195668255,17.948288680667545,0.31690140845070425,0.5613078077743432,0.5778871533014085,0.42235108400531324,0.5693346493830986,0.4667835340848149
52,2025-03-11,196.58999633789065,54002900,AMZN,0.010537694677220743,0.021641423135650296,17.804548325307785,0.3037037037037037,0.561401342859153,0.566335985668148,0.4539003098506357,0.5602035171807407,0.4618097102195719
53,2025-03-12,198.88999938964844,43679300,AMZN,0.0116994918083453,0.022022346893825928,17.592384886525625,0.3120567375886525,0.560328573478118,0.582856954129078,0.46207292735944466,0.5642144353078014,0.4534894319342846
54,2025-03-13,193.88999938964844,41270800,AMZN,-0.025139524437347016,0.021925909277671046,17.535665810311922,0.32894736842105265,0.559326613337692,0.5972495116921053,0.4497233137706839,0.5645159418973684,0.449219047678502
55,2025-03-14,197.9499969482422,38096700,AMZN,0.020939695556110815,0.022442013878323112,17.45563824842147,0.33112582781456956,0.5605325554834123,0.607673405610596,0.4516486646183412,0.5666872959298013,0.44803296752842514
56,2025-03-17,195.7400054931641,47341800,AMZN,-0.011164392468548211,0.020399047014922546,17.672904205263933,0.41333333333333333,0.5314968380798597,0.6260438316413333,0.43509451760427453,0.60305311905,0.4376294248251455
57,2025-03-18,192.82000732421875,40414900,AMZN,-0.014917738259935408,0.02066848534135799,17.514709111561533,0.4217687074829932,0.5335692939082327,0.6273554791510204,0.4510493517662708,0.6049776563163265,0.44858360561446375
58,2025-03-19,195.5399932861328,39442900,AMZN,0.014106347155876414,0.01957338729248312,17.490364639760426,0.4,0.5279296140768711,0.6366880097109676,0.44069815222504527,0.6059909612806452,0.4525705627880372
59,2025-03-20,194.9499969482422,38921100,AMZN,-0.0030172668413017993,0.01635460006281005,17.477047103679492,0.391025641025641,0.5259145629735557,0.62806257595,0.4351575154394606,0.595742020076923,0.4531828780596779
60,2025-03-21,196.2100067138672,60056900,AMZN,0.00646324588535143,0.016513479218030397,17.910803020786616,0.3836477987421384,0.5236392024276384,0.6422658584352201,0.41066197908704777,0.6287478431792453,0.41582444504945026
61,2025-03-24,203.25999450683597,41625400,AMZN,0.035930826928973945,0.018257407608629442,17.544221139852112,0.36477987421383645,0.5310649517631335,0.6352533064037736,0.4094061513130636,0.6354404415691822,0.4138675463185853
62,2025-03-25,205.7100067138672,31171200,AMZN,0.01205358788371326,0.018318893178339866,17.255005181639667,0.4,0.5267826876426365,0.6470551669375,0.3751742730261232,0.637783465903125,0.4160801887281883
63,2025-03-26,201.1300048828125,32855300,AMZN,-0.022264360904062638,0.019951762824409986,17.307623659739193,0.4177215189873418,0.5302875965988202,0.6364536755316457,0.3641124835288766,0.6274612298360759,0.4203186874092456
64,2025-03-27,201.3600006103516,27317700,AMZN,0.00114351773457718,0.01768427461379625,17.123045438320716,0.3933333333333333,0.5278467791151351,0.6197478219600001,0.37153588448066455,0.6153027895413333,0.42744835021121524
65,2025-03-28,192.72000122070312,52548200,AMZN,-0.04290822091507432,0.021886314340538653,17.77724142063844,0.38926174496644295,0.527262264198721,0.6037077202953021,0.3731770390410269,0.6220938789879195,0.4225967328021316
0,2024-12-20,909.0499877929688,4530500,NFLX,0.007771285016607661,0.016919550690933427,15.326343087370416,0.24074074074074073,0.4688514407841542,0.6693575725203703,0.35722174277726493,0.6967531168037039,0.3560022893571215
1,2024-12-23,911.4500122070312,2339400,NFLX,0.0026401456974763115,0.015443450371602822,14.665405471658685,0.19047619047619047,0.43120881610178186,0.664096534473016,0.3722132923151281,0.6802119905253966,0.3755969478908122
2,2024-12-24,932.1199951171876,2320300,NFLX,0.02267813114633135,0.01704200954950298,14.657207476606118,0.15714285714285714,0.40127348300537574,0.6757980195971429,0.36549154391899724,0.6878242417585716,0.3771378143867672
3,2024-12-26,924.1400146484376,2340300,NFLX,-0.008561108559576328,0.015177648137301424,14.665790111540069,0.17142857142857143,0.41305235128002765,0.66842891385,0.3632604360698507,0.6641594642014285,0.38227045183482844
4,2024-12-27,907.5499877929688,3226200,NFLX,-0.017951854256392154,0.015770013197127845,14.98681584198796,0.15714285714285714,0.40127348300537585,0.6687219990542858,0.36159680741496925,0.6581605485157141,0.38774403750501196
5,2024-12-30,900.4299926757812,2203000,NFLX,-0.007845292505046808,0.0157949938809283,14.60533107971084,0.136986301369863,0.38159967882696205,0.6554196261945204,0.37452007458817127,0.6322670678095891,0.40261743660553245
6,2024-12-31,891.3200073242188,1875900,NFLX,-0.01011737217292221,0.01591065081451706,14.444599635300813,0.1527777777777778,0.39650284510056116,0.6427287029472222,0.38841666777195005,0.6263225061402777,0.4125969674120547
7,2025-01-02,886.72998046875,2312300,NFLX,-0.005149695752088197,0.015917368446670042,14.6537536906118,0.19444444444444445,0.4606423319938054,0.6625767366972222,0.38429808158047835,0.6270179954458333,0.41423137311925934
8,2025-01-03,881.0499877929688,2967300,NFLX,-0.006405549379055221,0.012462855182306137,14.903163343402692,0.18840579710144928,0.48976073184683494,0.6518564872782608,0.3886276924484755,0.6228030159579712,0.4128934814958197
9,2025-01-06,881.7899780273438,3457700,NFLX,0.0008398958567931843,0.011355571113050522,15.056114475321545,0.20833333333333334,0.46955948623269356,0.6515412136819444,0.3946742433586159,0.6272596863069444,0.41240766679225205
10,2025-01-07,879.1900024414062,2649800,NFLX,-0.0029485202267255485,0.010801058915791481,14.789995100803061,0.16666666666666666,0.4466485749388994,0.6424055928045455,0.4063895926546978,0.6361337532681818,0.407762680721421
11,2025-01-08,875.0,2347900,NFLX,-0.004765753056530569,0.010601933973958061,14.669032295497775,0.20689655172413793,0.4827586206896551,0.6514987930931034,0.3991047557537485,0.6545360270689655,0.39833644860866113
12,2025-01-10,837.6900024414062,4803300,NFLX,-0.04263999720982143,0.012307734484425303,15.384813947848437,0.26785714285714285,0.5172410127842942,0.6173340564178572,0.44131504876135697,0.6331715297678572,0.4013688396972712
13,2025-01-13,840.2899780273438,3024500,NFLX,0.0031037443187336596,0.013048161553234234,14.922256677162213,0.23214285714285715,0.49968102070118653,0.5980175195428572,0.441156816556115,0.648783672307143,0.3950418406337959
14,2025-01-14,828.4000244140625,3037700,NFLX,-0.014149821995014132,0.012824372556542217,14.926611537281122,0.2413793103448276,0.5020765440883115,0.6193209118,0.431832080005278,0.6822086020724138,0.37054006969088327
15,2025-01-15,848.260009765625,3181400,NFLX,0.023973907250437024,0.016550859426745813,14.972832223773374,0.2641509433962264,0.5194679206768379,0.6316332308679246,0.4227711879151696,0.7113279099283019,0.34665298251073295
16,2025-01-16,842.3699951171875,4028500,NFLX,-0.006943642963983315,0.016489740895308795,15.208904904430709,0.2631578947368421,0.5469634129164876,0.6368264699298245,0.402017270779583,0.7242216271964912,0.33902191179660884
17,2025-01-17,858.0999755859375,3617600,NFLX,0.018673481439188372,0.018181465427047815,15.101321656932164,0.21818181818181817,0.4932603624091105,0.6291366485454546,0.40640841616341034,0.7180778930945457,0.3366113730261446
18,2025-01-21,869.6799926757812,9851400,NFLX,0.013494950960622686,0.018859120163210067,16.103124236536583,0.26582278481012656,0.4695503035694027,0.6239869782278482,0.42135399427793496,0.6684095599139243,0.3842324431005244
19,2025-01-22,953.989990234375,14273200,NFLX,0.0969437014403351,0.03635192336325511,16.473894281046203,0.3431372549019608,0.49497668868095485,0.6487779580196079,0.43140814514287207,0.6795152005215686,0.38228958944484115
20,2025-01-23,984.8599853515624,7752100,NFLX,0.03235882497006419,0.036830688513186445,15.863474461363634,0.3893805309734513,0.5054329313732264,0.6397527989646017,0.446881824277477,0.6714911974212388,0.39090075284586157
21,2025-01-24,977.5900268554688,4550400,NFLX,-0.00738171781189638,0.0369720593797562,15.330725918911881,0.39166666666666666,0.5049064819900368,0.6443940702750001,0.43645415490764666,0.681299214405,0.38456585431687956
22,2025-01-27,971.8900146484376,4634200,NFLX,-0.005830677533982097,0.03252042857777396,15.348974358087737,0.3816793893129771,0.5162698753865926,0.662466538648855,0.41767317017400873,0.7029284605541984,0.3714434753661822
23,2025-01-28,971.8300170898438,3434000,NFLX,-6.173286862666929e-05,0.032668747234496524,15.049236611645107,0.4140625,0.523320882531693,0.6686220546328125,0.4186402386418235,0.6983397402296875,0.394293934561582
24,2025-01-29,978.1500244140624,2930700,NFLX,0.006503202425403541,0.031234956075072377,14.890752201524494,0.4140625,0.523320882531693,0.6612175654140624,0.4184721163064009,0.6916914231203125,0.39702126872686433
25,2025-01-30,973.239990234375,3867800,NFLX,-0.005019714826085728,0.03187267253885411,15.168196686455211,0.41353383458646614,0.5221099407295408,0.6694715230300752,0.41492321167203144,0.6946853002962406,0.39238504564697285
26,2025-01-31,976.760009765625,3618700,NFLX,0.0036168052757494184,0.03126063807351995,15.101625679624549,0.4140625,0.5081729489984192,0.6668697361171875,0.4181162303280155,0.6870975320578125,0.39118214924320355
27,2025-02-03,978.9400024414062,3724200,NFLX,0.0022318611060912932,0.03149671528261022,15.130362890143806,0.44274809160305345,0.511848995854663,0.6563203965877862,0.4159226766842226,0.6839429665908398,0.4022245369770601
28,2025-02-04,994.8699951171876,6000100,NFLX,0.01627269560550504,0.03150709455990337,15.607286860383983,0.47706422018348627,0.5175157716025853,0.6557683509082569,0.4046495112620156,0.7114720229394494,0.38085770225849386
29,2025-02-05,1011.1099853515624,3993400,NFLX,0.016323731054389508,0.012490635215432448,15.200153806748085,0.4482758620689655,0.5199164541562594,0.6432483965057473,0.37043272951009215,0.7241745041425286,0.36126595989571014
30,2025-02-06,1015.6799926757812,3134300,NFLX,0.004519792495798441,0.008356979915601762,14.957916740681254,0.375,0.5092887196865841,0.6668644680124999,0.32998768645309495,0.7398687396125,0.3493636077777667
31,2025-02-07,1013.9299926757812,3212900,NFLX,-0.0017229836293118984,0.007735541740662356,14.982684825298357,0.36,0.5070174224488411,0.6629710748133333,0.33511591420487435,0.7130196755866667,0.36435084576929533
32,2025-02-10,1027.5999755859375,3296600,NFLX,0.013482176293139228,0.007503711012994427,15.008402495622185,0.3787878787878788,0.4850851695024889,0.6452412277424243,0.31382443730154747,0.672690309969697,0.38301253800743723
33,2025-02-11,1008.0800170898438,3331800,NFLX,-0.01899567824041984,0.010772114666783298,15.019023556595773,0.34328358208955223,0.4748051856891599,0.6419809014328359,0.3174777736486214,0.6958742531343284,0.33453521882287324
34,2025-02-12,1027.31005859375,3389000,NFLX,0.01907590784253429,0.011816027700483483,15.036045745661438,0.3492063492063492,0.4767192831009906,0.6441910997777779,0.3228362917295748,0.7008620350793651,0.33592764519218615
35,2025-02-13,1043.68994140625,3476100,NFLX,0.0159444392425417,0.011704254925859324,15.061421821331942,0.3559322033898305,0.4787948098923908,0.6070617979999999,0.33335859235716875,0.6690456245423727,0.35513866284299495
36,2025-02-14,1058.5999755859375,3145400,NFLX,0.014285884713613292,0.0118394995478679,14.9614519439633,0.36065573770491804,0.48019077101235436,0.6167548777377049,0.3327036074840505,0.6672766178360655,0.36618017368158373
37,2025-02-18,1035.8499755859375,4229300,NFLX,-0.021490648521324426,0.015086571674413865,15.257547289140518,0.3125,0.46351240544347894,0.638826653,0.34929628106669974,0.6883587937812501,0.3454320450135778
38,2025-02-19,1043.3299560546875,2600000,NFLX,0.0072211040643399005,0.014651656269989861,14.77102238760702,0.2857142857142857,0.4517539514526254,0.620580527987238,0.35946930164773533,0.6574442790539683,0.3626362424011472
39,2025-02-20,1024.5400390625,3111800,NFLX,-0.018009563401439038,0.015656244120252526,14.950712216220362,0.29310344827586204,0.4551854752566928,0.6322170035895861,0.3530990088740816,0.6505999888,0.3795493372646151
40,2025-02-21,1003.1500244140624,3738700,NFLX,-0.020877675671914623,0.017093524571031093,15.13424878285579,0.38181818181818183,0.48583233512317764,0.6286348381671999,0.3598870198577274,0.6540715464618183,0.37326868110280836
41,2025-02-24,988.469970703125,4426200,NFLX,-0.014633956391031313,0.017624424461232965,15.303052212027856,0.4107142857142857,0.49196347549842545,0.6255784646285,0.36303472615610677,0.6766714168821429,0.36400182108420664
42,2025-02-25,977.239990234375,4738300,NFLX,-0.01136097281818467,0.01687183790883574,15.371189190598146,0.38,0.5249761899362674,0.61289516638392,0.3765134145335757,0.6836583973079999,0.363128710298277
43,2025-02-26,990.0599975585938,3397200,NFLX,0.013118586480629064,0.016943562305565426,15.03846241524801,0.425531914893617,0.5357309920006028,0.6223356707275745,0.36747921831186553,0.6936609747531916,0.35614226794848547
44,2025-02-27,963.0700073242188,3766600,NFLX,-0.027260964285932256,0.016974829995542628,15.141683561234172,0.43137254901960786,0.5333910003425665,0.6132788737293334,0.36939395455792845,0.6552112083803923,0.3626397853067481
45,2025-02-28,980.5599975585938,4717400,NFLX,0.018160663400752102,0.017308795954166893,15.366768570313067,0.42592592592592593,0.530612917847941,0.6312827661888148,0.3466199396524342,0.6863918155444445,0.3392068136190128
46,2025-03-03,973.7000122070312,3907400,NFLX,-0.0069959873629788566,0.015765381775814213,15.178383005064296,0.36363636363636365,0.5514818504764764,0.6071812603672,0.3579926225854477,0.6763648718072729,0.33157366929975385
47,2025-03-04,972.5800170898438,4392800,NFLX,-0.0011502465884219,0.015162586709177937,15.295477622592012,0.3695652173913043,0.5656352970112036,0.594706924352087,0.3386926849039887,0.6259109815956522,0.3506573251147819
48,2025-03-05,990.9199829101562,3807900,NFLX,0.018857025127032107,0.016676111733144254,15.152588676656283,0.38095238095238093,0.5753831415997417,0.6412015307857143,0.3257652962126767,0.6638466603571429,0.34136638823067433
49,2025-03-06,906.3599853515624,7852600,NFLX,-0.08533483935832654,0.03042648943444626,15.876355372458036,0.3617021276595745,0.5621210558988469,0.6254351712765958,0.34190999274207384,0.6047109042553189,0.40723076983764395
50,2025-03-07,891.1099853515625,7737500,NFLX,-0.016825544205909156,0.030318180301302365,15.861589325215691,0.29545454545454547,0.5468731552507254,0.6288713083863636,0.3357197819871718,0.605408180840909,0.4039346605043399
51,2025-03-10,866.6799926757812,6995300,NFLX,-0.027415238385128275,0.030738843447814055,15.760749195892163,0.25,0.5204164998665332,0.621110012375,0.34252104425262225,0.6030969101458333,0.4132169229595864
52,2025-03-11,895.0999755859375,7398900,NFLX,0.032791783761400344,0.03394383141509355,15.81684203363166,0.26,0.48207883172775806,0.63397153528,0.3366889411925234,0.62263124794,0.40826197332445663
53,2025-03-12,919.6799926757812,6865800,NFLX,0.02746063876691934,0.03522379227454372,15.742063269183301,0.24489795918367346,0.4751202745641966,0.6419602213061224,0.3429302777378932,0.6204948419795918,0.4116638708068561
54,2025-03-13,890.1699829101562,5001700,NFLX,-0.03208725861238594,0.03556712318792829,15.425288612543476,0.2222222222222222,0.4661372658534009,0.6478786515111111,0.34634247957964276,0.6615093520666666,0.41532112507463004
55,2025-03-14,918.0,5200700,NFLX,0.03126371100366861,0.03682649953917185,15.464303982158222,0.23255813953488372,0.4743273966132824,0.6395031818139535,0.36421272037398233,0.6282014819488373,0.43425517244465706
56,2025-03-17,950.02001953125,7543100,NFLX,0.034880195567810454,0.03900973174985506,15.836143928644043,0.34146341463414637,0.47420053890789216,0.6890727422439025,0.3501098361018613,0.6349505615560975,0.4610091809088932
57,2025-03-18,929.97998046875,6009400,NFLX,-0.02109433343561325,0.03948228996705381,15.608835634322984,0.358974358974359,0.4796996649710182,0.6998218105641025,0.33612299416562474,0.6506269578410256,0.44365492942044177
58,2025-03-19,959.489990234375,6662400,NFLX,0.03173187636872644,0.040498258829895245,15.711990488058783,0.3488372093023256,0.4766023612074233,0.6329750033953488,0.3638916779210516,0.5577067577860465,0.5049655129745961
59,2025-03-20,950.8400268554688,4466300,NFLX,-0.0090151679193582,0.028584544194923883,15.312071107230212,0.3684210526315789,0.4823763889427199,0.6046302688421052,0.367007930301827,0.6183071050999999,0.4724531525877679
60,2025-03-21,960.2899780273438,5905400,NFLX,0.009938528990125726,0.027529860199844106,15.591377913859993,0.3902439024390244,0.4878048780487805,0.5700086277073171,0.4056587510381926,0.6256679152146342,0.46364775574019806
61,2025-03-24,971.989990234375,4677900,NFLX,0.012183832461800511,0.02458485018933278,15.358360063012201,0.41025641025641024,0.49188015623720194,0.5455485366923076,0.39109339028500983,0.5882069659692308,0.45457992471967795
62,2025-03-25,997.280029296875,3782200,NFLX,0.02601882665108705,0.02402947118059403,15.145816673271657,0.4146341463414634,0.49265877748107695,0.4847545906585366,0.4228878786779922,0.5216785799219512,0.4761248740207975
63,2025-03-26,970.6500244140624,3527400,NFLX,-0.026702635268439,0.025965328213952556,15.076071897113287,0.3902439024390244,0.48780487804878037,0.4503823646829269,0.4134708769339025,0.48114980892195125,0.4768632585452311
64,2025-03-27,976.719970703125,3047200,NFLX,0.006253485948992549,0.022341568129657232,14.929734022316602,0.30434782608695654,0.5051717408096632,0.4549871148260869,0.3995617745207569,0.4800042686043478,0.45403367796095356
65,2025-03-28,933.8499755859376,4422700,NFLX,-0.043891797447661446,0.026481418918601757,15.302261153389729,0.24,0.4715930449020641,0.48533223844,0.4047451435624056,0.5190659877,0.4531429547396339
0,2024-12-20,192.74041748046875,45319700,GOOG,0.017185009669809195,0.030093482099218905,17.62925239657363,0.6440677966101694,0.47879480989239087,0.6094462895288135,0.397478555611277,0.6006416345932203,0.3979532088418177
1,2024-12-23,195.7669677734375,15235900,GOOG,0.01570272770253517,0.030098220690016525,16.539165108791078,0.5806451612903226,0.5251232450354744,0.6331165844870967,0.3815313552554412,0.6296992828387098,0.38312815873610806
2,2024-12-24,197.34518432617188,6809800,GOOG,0.008061710158175694,0.026110067520778393,15.733873455965986,0.5606060606060606,0.5259562108396901,0.6441761258818183,0.37449944993993634,0.6616456723636363,0.378820981364056
3,2024-12-26,196.87571716308597,7907900,GOOG,-0.0023789137023479344,0.019804095852743498,15.883372944226148,0.5416666666666666,0.5253966755382705,0.6482319942388889,0.37892387713968567,0.6607429103375,0.38548216591048673
4,2024-12-27,193.81918334960935,14693000,GOOG,-0.015525194561931058,0.019792224172834202,16.5028818159177,0.5428571428571428,0.5260557897006276,0.6566279036457142,0.37738719439985224,0.65342471739,0.38602927748923177
5,2024-12-30,192.47073364257807,12209500,GOOG,-0.006957256158689703,0.019531101833174136,16.317724977110895,0.5428571428571428,0.5260557897006276,0.68715376246,0.3784561610460329,0.6928008057185715,0.382602481913145
6,2024-12-31,190.2232818603516,14355200,GOOG,-0.01167684946013683,0.015538632105750114,16.479622873529138,0.48148148148148145,0.5354382331407763,0.7194699167074075,0.35344485409562254,0.7290850429685186,0.39130374927714334
7,2025-01-02,190.4130706787109,17545200,GOOG,0.000997716034037556,0.015601865256856468,16.680291023189174,0.5263157894736842,0.5332871632831813,0.7375171334596492,0.33745542165479375,0.7265211486017544,0.39115673581654326
8,2025-01-03,192.9102325439453,12875000,GOOG,0.01311444564353427,0.011502726425407875,16.370798082183974,0.5423728813559322,0.5311335463048272,0.7261721460542374,0.3499757118121348,0.7039536070559322,0.3995330142018751
9,2025-01-06,197.7347412109375,19483300,GOOG,0.02500908636815393,0.013528838888505734,16.785068297674798,0.6086956521739131,0.5168856376848411,0.7397408997826086,0.3392134354482789,0.7243091477144926,0.35781665643540655
10,2025-01-07,196.4861602783203,16966800,GOOG,-0.006314423681801261,0.013085989614737309,16.646769110306565,0.5972222222222222,0.5441538340044367,0.7131969339583333,0.3480933512543826,0.6886745254486111,0.3962083084085947
11,2025-01-08,195.1676483154297,14335300,GOOG,-0.006710457169212165,0.012379232131491386,16.478235654637587,0.6417910447761194,0.5096528680287722,0.726532940761194,0.34657710978709516,0.6987600680194028,0.39552142169370463
12,2025-01-10,192.9501800537109,20753800,GOOG,-0.011361863919858835,0.012455858059155686,16.848239968588334,0.6710526315789473,0.4970480728295819,0.6949055716184211,0.40346959277597394,0.6768685922802632,0.41259759297987136
13,2025-01-13,192.0711669921875,13169100,GOOG,-0.004555647790941274,0.012478712109221076,16.393383810189867,0.6829268292682927,0.49084419018288084,0.7136166033658538,0.386060530100379,0.6615937918780488,0.40999545037295626
14,2025-01-14,190.8325958251953,13651200,GOOG,-0.00644850128412333,0.011725138226708141,16.429338061072745,0.6547619047619048,0.5231326795885675,0.712822875904762,0.38291788645594793,0.6698976794166667,0.40467479371820625
15,2025-01-15,196.7558441162109,12894900,GOOG,0.03103897562888761,0.0153521996557521,16.372342519873772,0.6309523809523809,0.5516158494382426,0.7011269188095238,0.37955469106930617,0.661588973125,0.4046433986970957
16,2025-01-16,194.1887664794922,13449600,GOOG,-0.013047021033858163,0.015496331637567607,16.414459998144586,0.6666666666666666,0.5335936864527371,0.7096211265625,0.3750238703423671,0.6513044287947917,0.4065404002734447
17,2025-01-17,197.3251953125,22109100,GOOG,0.016151443205851164,0.016097970870810187,16.911499891672285,0.648936170212766,0.5400442615530661,0.6973771884148936,0.3837572565566502,0.6481005888755319,0.41046948141449036
18,2025-01-21,199.40283203125,19005200,GOOG,0.010528998668718852,0.0159498271581245,16.760223236513728,0.6517857142857143,0.529653212498711,0.7280015920625,0.35615641879993787,0.6586536015651786,0.4083552246340945
19,2025-01-22,199.8023681640625,15477400,GOOG,0.002003663281722526,0.014035597977731538,16.55489151797322,0.5981308411214953,0.5613703707544373,0.7103129473925232,0.3962053700362343,0.667373398395327,0.39289050598792685
20,2025-01-23,199.35289001464844,15170800,GOOG,-0.0022496137235219617,0.013853776989422932,16.53488315151283,0.5943396226415094,0.5456224053177836,0.7186446085943395,0.3920241661240494,0.6889535376254716,0.36763130614791706
21,2025-01-24,201.6702423095703,12732400,GOOG,0.011624372712889169,0.013854544378774229,16.3596605623327,0.6090909090909091,0.5409663835204307,0.6968234661218181,0.4000504524049353,0.6783148092118182,0.3720756746312727
22,2025-01-27,193.54949951171875,24970200,GOOG,-0.04026743214492677,0.01923853841176549,17.03319371188315,0.6216216216216216,0.554328650915861,0.6971367966522523,0.3875400715174548,0.6850278687504504,0.36524492880992543
23,2025-01-28,196.8457489013672,15939200,GOOG,0.017030523963968508,0.01981342892580652,16.584292104599506,0.594059405940594,0.5660041951665921,0.6739907212217822,0.40003240658809475,0.6973023348148514,0.3570833420981494
24,2025-01-29,196.9556121826172,12287800,GOOG,0.0005581186378835583,0.01957895771580317,16.324117539576996,0.5825242718446602,0.5490374957514059,0.6597701989844659,0.40380168168328856,0.6838665864883495,0.35917544104765703
25,2025-01-30,202.3994140625,14571500,GOOG,0.02763973983556925,0.019067394729843968,16.494578192769115,0.5922330097087378,0.5294601244441156,0.6501689086737865,0.4088869716780854,0.6728310157165048,0.3645177290310215
26,2025-01-31,205.3660430908203,17087300,GOOG,0.014657300477185331,0.018480841285034216,16.653846114006512,0.5252525252525253,0.5567480314957847,0.6234530883303031,0.43827978492877745,0.6644121232727273,0.38627954316277646
27,2025-02-03,202.40939331054688,16719500,GOOG,-0.014396974961269033,0.019088523490997416,16.632086320677868,0.5238095238095238,0.5536930229999485,0.6334096105019049,0.4390779744746981,0.6587739968571428,0.38544641625000503
28,2025-02-04,207.4736328125,28285400,GOOG,0.025019784996753135,0.020261769889477792,17.157856363784585,0.4835164835164835,0.5618383749962296,0.5843967851945054,0.4729163614071656,0.665244874978022,0.38669306333007475
29,2025-02-05,193.0800323486328,43666400,GOOG,-0.06937556483080964,0.03089131862087131,17.592089508509343,0.4943820224719101,0.563368590414457,0.5849515198730337,0.45395397764613293,0.6275744943707866,0.4319660940515452
30,2025-02-06,193.0900115966797,20816600,GOOG,5.168451613295818e-05,0.030905899503392183,16.851261351339158,0.4791666666666667,0.5769742676719258,0.5880467495072916,0.4475153739582415,0.5962392675312499,0.4431305538817262
31,2025-02-07,186.92703247070312,29565700,GOOG,-0.03191764853611174,0.03171307449952029,17.202125497424436,0.45,0.5894913061275798,0.605403419253,0.43877032993851456,0.5848391072100001,0.44851336333780695
32,2025-02-10,187.9858245849609,16606000,GOOG,0.005664200090608765,0.02963359750990558,16.625274694023307,0.3269230769230769,0.6114658882917171,0.5771150631951923,0.41196678073443765,0.5353955842894231,0.45039906263949764
33,2025-02-11,186.8571319580078,13028100,GOOG,-0.006004136904711023,0.02883056217802721,16.382619197881215,0.3333333333333333,0.6052820552158857,0.5777807427504503,0.41136881397406855,0.5414167238567568,0.45096346337036675
34,2025-02-12,185.21897888183597,17632300,GOOG,-0.008766874772218953,0.028788404162963733,16.685243062023186,0.3504273504273504,0.6036390968550281,0.5859085532760686,0.416893630590772,0.5375956994794872,0.46750133075457223
35,2025-02-13,187.66619873046875,12729300,GOOG,0.013212576072962995,0.027249967430976726,16.359417059363782,0.3305084745762712,0.5973824931721057,0.5655626587991526,0.42778551681268817,0.5263338253661016,0.47785363222483207
36,2025-02-14,186.6573486328125,12714200,GOOG,-0.005375768809092721,0.026181160981318813,16.358230115697555,0.3277310924369748,0.5813522876110244,0.5545109708655465,0.4224676272431743,0.5241958248546218,0.4713242939442317
37,2025-02-18,185.58856201171875,19796000,GOOG,-0.0057259284401185795,0.026133051986741596,16.800990505569168,0.30656934306569344,0.5739101864628696,0.5586028835051096,0.4190467588232971,0.5254668823554746,0.49203579914789314
38,2025-02-19,186.91705322265625,13120500,GOOG,0.007158260167205855,0.02413502843094038,16.38968652672676,0.3076923076923077,0.582144206664822,0.5626248606097901,0.4081561230841815,0.5163504413902099,0.49037420202298476
39,2025-02-20,186.4276123046875,12063800,GOOG,-0.002618492585509179,0.012203294297025716,16.305719873735733,0.30434782608695654,0.5724179031342457,0.5635029225884058,0.3978320368606808,0.5235535026702898,0.4818609568009674
40,2025-02-21,181.3733673095703,19520800,GOOG,-0.02711103217294225,0.014201139028529739,16.78699117294338,0.30597014925373134,0.5628765663621809,0.5670382056955224,0.4052320848460415,0.5433552169738806,0.4834400272643585
41,2025-02-24,180.9838104248047,18734000,GOOG,-0.0021478174582309235,0.010946244358915358,16.745850666130096,0.28187919463087246,0.5685320425381846,0.5618387107194631,0.40084613473857533,0.5223453014865772,0.49252926391885066
42,2025-02-25,177.16815185546875,20832500,GOOG,-0.02108287233194966,0.011783177204315917,16.852024873240417,0.3381294964028777,0.5438201780996906,0.5796655511884893,0.4114111788660915,0.5472945405928058,0.4945016148118108
43,2025-02-26,174.50119018554688,23637200,GOOG,-0.015053279282935367,0.012138762038533929,16.97833234247699,0.34328358208955223,0.5477835612985843,0.5742773112477612,0.41510164717604137,0.5281923671149253,0.5061196207276103
44,2025-02-27,170.0163116455078,25930500,GOOG,-0.025701134389228504,0.013550353243988063,17.07093047857771,0.33587786259541985,0.5471743797696919,0.5617029249786258,0.40940049787295596,0.5506966174534351,0.49402600510835787
45,2025-02-28,172.02401733398438,30049800,GOOG,0.011808900387527082,0.013306150510497444,17.21836659662739,0.34532374100719426,0.5459099751306583,0.5739069503251799,0.38810989838974136,0.5771965300884891,0.4774792801742798
46,2025-03-03,168.46807861328125,24122000,GOOG,-0.02067117589632426,0.013767380378706976,16.998634886581257,0.3443708609271523,0.5643534378911176,0.5809386337827814,0.38317406440047785,0.566462841005298,0.48666872584783005
47,2025-03-04,172.41357421875,30711400,GOOG,0.023419840945213377,0.017404371234300497,17.240144511695544,0.35384615384615387,0.5665216196775991,0.5591889410846154,0.37963777543833693,0.5493229449292307,0.4873313820580703
48,2025-03-05,174.79087829589844,18848000,GOOG,0.013788381152241697,0.018123539980210213,16.751917418489477,0.3787878787878788,0.5711538431809328,0.5481511954090909,0.3968998866948984,0.5364218745204546,0.4919049175037521
49,2025-03-06,174.0117645263672,19082400,GOOG,-0.004457405198298224,0.01808866020412684,16.76427705464183,0.3609022556390977,0.5795817245293765,0.5327555243834587,0.41765767810079546,0.5185511011503761,0.501416575723046
50,2025-03-07,175.5500030517578,16395300,GOOG,0.008839853613216726,0.017133201971920167,16.612505327348227,0.34615384615384615,0.5779478078849802,0.5139753569538462,0.4144066000209595,0.49135075520769234,0.514716341039751
51,2025-03-10,167.80999755859375,28990700,GOOG,-0.044090033372896374,0.021455709783203773,17.182485681357473,0.3543307086614173,0.5685671873554549,0.5036983217425197,0.4226701218302543,0.5063454950629922,0.5088391754245049
52,2025-03-11,165.97999572753906,23705900,GOOG,-0.010905201464029048,0.020966119938599138,16.98123456245493,0.33070866141732286,0.5619863269308809,0.46553213070314964,0.4648788706738299,0.4791381417007874,0.5190161819401818
53,2025-03-12,169.0,19880100,GOOG,0.01819498945775587,0.022033269966815833,16.805229839662694,0.3157894736842105,0.5534365780324201,0.47851959646842107,0.46537295131031736,0.47643549020300746,0.5015224052838351
54,2025-03-13,164.72999572753906,15206200,GOOG,-0.025266297470183063,0.021983814041022846,16.53721386314955,0.3157894736842105,0.5534365780324201,0.48857918846090237,0.46274628486059766,0.4546681602105263,0.5032330660236601
55,2025-03-14,167.6199951171875,18611100,GOOG,0.017543856398979412,0.0224803398366049,16.739268788609447,0.30158730158730157,0.5530555996883915,0.5064423226293652,0.47683526673940513,0.436003162484127,0.5076644176294003
56,2025-03-17,166.57000732421875,17839100,GOOG,-0.006264096310435257,0.021621714189934787,16.696903291469717,0.34375,0.5367363761661771,0.5162091467132812,0.47970831619730536,0.4723756749375,0.4976916201050081
57,2025-03-18,162.6699981689453,24616800,GOOG,-0.023413633810331163,0.020821253577831277,17.018939735266112,0.33098591549295775,0.5270410490723281,0.5054741755936619,0.48213558166958437,0.47590821242253517,0.5059620666394559
58,2025-03-19,166.27999877929688,24955700,GOOG,0.02219217219515979,0.021835761378483084,17.032612851054328,0.3013698630136986,0.501639271879467,0.49286797964315077,0.4714581651934722,0.510312417229452,0.4970180473241633
59,2025-03-20,165.0500030517578,19981500,GOOG,-0.007397135774409245,0.021850979708674202,16.810317453488057,0.29375,0.4821420304225718,0.481943654643125,0.4522906102613645,0.530707449746875,0.49617818204441405
60,2025-03-21,166.25,29882100,GOOG,0.007270505459281222,0.021745466442667893,17.212770230348635,0.29310344827586204,0.47977319915954847,0.4747170947385057,0.44725205769681503,0.5350154579856321,0.49138669907607363
61,2025-03-24,169.92999267578125,18742800,GOOG,0.022135294290413533,0.01842033428696675,16.746320289987633,0.292817679558011,0.46703876697034363,0.47456792197348063,0.4510965943392705,0.5515022822734806,0.48556748832722996
62,2025-03-25,172.7899932861328,13841600,GOOG,0.016830463918210803,0.018448219434586112,16.443189180654226,0.2534562211981567,0.4454579160772196,0.5097850228235022,0.41880149411631673,0.5851016314658986,0.47241756079965463
63,2025-03-26,167.13999938964844,22498000,GOOG,-0.032698617489545403,0.02099707289081911,16.9289370187833,0.21923076923076923,0.42291955115076085,0.4877959296542308,0.403372599391538,0.5839790484845768,0.47553546171041394
64,2025-03-27,164.0800018310547,21571200,GOOG,-0.018307990724949506,0.020200295477778216,16.886869695999362,0.19032258064516128,0.4006887930114244,0.4909252768325807,0.41538827719472776,0.5628563609683547,0.48171108228975446
65,2025-03-28,156.05999755859375,34866500,GOOG,-0.04887862130035049,0.0242317197724196,17.367037069481665,0.1746987951807229,0.3875606049751037,0.4742174803406626,0.4253435561715433,0.5496993781421385,0.48965057102855825
