,Date,Open,High,Low,Close,Volume,Ticker
0,2024-12-06 00:00:00-05:00,609.0663720551125,628.7230165931262,607.4990854973933,622.7132568359375,16935500,META
1,2024-12-09 00:00:00-05:00,622.8629585822455,625.3387984829403,605.143030037455,612.530517578125,11426000,META
2,2024-12-10 00:00:00-05:00,616.5137848674528,624.5302104357933,611.7019431511976,618.2708129882812,10938900,META
3,2024-12-11 00:00:00-05:00,622.3138688918516,637.3184340049636,620.4770203793527,631.6080932617188,10837200,META
4,2024-12-12 00:00:00-05:00,630.4301325523135,635.581363832556,626.1474224708807,629.7213134765625,7474700,META
5,2024-12-13 00:00:00-05:00,626.1573675626565,630.0108744614691,615.8449119771144,619.2990112304688,8453300,META
6,2024-12-16 00:00:00-05:00,629.420007736044,630.5890116598864,618.0301774865133,623.6851196289062,10885600,META
7,2024-12-17 00:00:00-05:00,625.613402725808,631.8079039629248,615.9919576111723,618.889404296875,12897800,META
8,2024-12-18 00:00:00-05:00,620.4480133143085,626.8023454819172,595.7899578806528,596.6591796875,17075500,META
9,2024-12-19 00:00:00-05:00,609.8474217814187,610.9764221710803,594.4710877502442,595.0405883789062,14958100,META
10,2024-12-20 00:00:00-05:00,590.0550768385264,602.5739077699969,579.4844638542556,584.7297973632812,48989400,META
11,2024-12-23 00:00:00-05:00,589.0758836258183,600.5557214561685,585.7288858135305,599.3167724609375,10205800,META
12,2024-12-24 00:00:00-05:00,602.18421967186,607.4495547417749,598.7473359909974,607.2097778320312,4726100,META
13,2024-12-26 00:00:00-05:00,604.9417711960614,605.7610496183185,598.4076065348586,602.8136596679688,6081400,META
14,2024-12-27 00:00:00-05:00,598.8771866170372,601.3150202583132,589.2757431165518,599.27685546875,8084200,META
15,2024-12-30 00:00:00-05:00,588.226639708199,596.4093617724204,585.059474705781,590.7144165039062,7025900,META
16,2024-12-31 00:00:00-05:00,591.7435639321293,593.4420040553556,583.3310043759192,584.9895629882812,6019500,META
17,2025-01-02 00:00:00-05:00,589.1957790711948,604.3722793886026,587.2975045360681,598.7073364257812,12682300,META
18,2025-01-03 00:00:00-05:00,604.2224186140523,608.9581953145173,595.8798046163633,604.092529296875,11436800,META
19,2025-01-06 00:00:00-05:00,611.2861653941472,630.429107364017,605.0816634693568,629.6398315429688,14560800,META
20,2025-01-07 00:00:00-05:00,631.1384808399608,631.5380886830453,607.6893121042956,617.3407592773438,12071500,META
21,2025-01-08 00:00:00-05:00,612.8547955325016,615.8920714343907,602.2541800285583,610.1771240234375,10085800,META
22,2025-01-10 00:00:00-05:00,609.4877870994305,629.3500601048015,596.8090645204555,615.3125610351562,19256600,META
23,2025-01-13 00:00:00-05:00,606.5603584516555,608.4286914350151,597.9180835402799,607.789306640625,10785000,META
24,2025-01-14 00:00:00-05:00,604.5321917343676,604.9518013433293,588.0268559982835,593.7218017578125,13598000,META
25,2025-01-15 00:00:00-05:00,609.6676409065044,621.9067525765506,605.9609165618788,616.5714721679688,15524300,META
26,2025-01-16 00:00:00-05:00,610.9564262093133,615.7022038454446,609.1680393269272,610.756591796875,8355300,META
27,2025-01-17 00:00:00-05:00,623.4952835439785,624.4144487016482,603.1333939973155,612.225341796875,17280600,META
28,2025-01-21 00:00:00-05:00,617.2808256632173,620.9475463117574,608.4686584766922,615.9120483398438,11674000,META
29,2025-01-22 00:00:00-05:00,622.745966355468,633.1367466870842,618.8794110911601,622.94580078125,12274000,META
30,2025-01-23 00:00:00-05:00,626.8023305338492,636.0341074215171,620.597889576449,635.88427734375,9910200,META
31,2025-01-24 00:00:00-05:00,635.8343208926308,651.4204294754496,633.6362643025149,646.9144287109375,19065300,META
32,2025-01-27 00:00:00-05:00,626.0530102379722,663.2799006811211,624.5443426754407,659.29345703125,28399200,META
33,2025-01-28 00:00:00-05:00,665.4079784595224,681.9732572201489,658.8837538443346,673.7305908203125,20950100,META
34,2025-01-29 00:00:00-05:00,674.4000060630054,680.4446161433896,665.0782822378817,675.888671875,21377800,META
35,2025-01-30 00:00:00-05:00,696.200621832455,710.1581749857351,675.4990076007216,686.3893432617188,29322900,META
36,2025-01-31 00:00:00-05:00,690.3857723381032,704.6730489182394,684.9706072332008,688.5673828125,19331700,META
37,2025-02-03 00:00:00-05:00,675.3091937227201,703.3742528890535,674.649807192235,696.840087890625,21415700,META
38,2025-02-04 00:00:00-05:00,701.8755866223114,707.0809776947289,690.995251505304,703.5640869140625,13826300,META
39,2025-02-05 00:00:00-05:00,702.9246352066622,717.5016936715592,698.3886925528532,704.2434692382812,17778200,META
40,2025-02-06 00:00:00-05:00,705.2525623903425,718.2610086889607,702.8746730458445,711.3571166992188,13080700,META
41,2025-02-07 00:00:00-05:00,716.162829309228,724.3655534509123,711.1173304150035,713.8848876953125,16427100,META
42,2025-02-10 00:00:00-05:00,717.9212711485029,720.558939093694,710.697717393577,716.7623291015625,12904300,META
43,2025-02-11 00:00:00-05:00,712.6859358478964,723.0167104534308,709.4088221751414,719.16015625,12998000,META
44,2025-02-12 00:00:00-05:00,714.6641723225413,726.4536713486742,711.9665601009159,724.7352294921875,12016500,META
45,2025-02-13 00:00:00-05:00,720.8786940316196,728.3520258945355,717.4017457743258,727.9124145507812,12569100,META
46,2025-02-14 00:00:00-05:00,725.4945889979003,740.2514192957425,724.9750316832167,736.0151977539062,16901200,META
47,2025-02-18 00:00:00-05:00,735.3457711447024,736.3448822468013,705.8120494058986,715.7332153320312,21938700,META
48,2025-02-19 00:00:00-05:00,703.4741329865286,706.37157970015,694.7719139390767,703.1444702148438,17535500,META
49,2025-02-20 00:00:00-05:00,696.6602457328806,705.0027993686539,693.0234665438812,694.222412109375,12587400,META
50,2025-02-21 00:00:00-05:00,695.9608297659651,703.2443277596083,681.7534381597311,682.9423828125,15660400,META
51,2025-02-24 00:00:00-05:00,685.6700244492644,686.6591347238324,661.8611888382964,667.5361328125,15677000,META
52,2025-02-25 00:00:00-05:00,665.3780306420172,667.406255569748,641.2894751849396,656.9155883789062,20579700,META
53,2025-02-26 00:00:00-05:00,659.0636967789872,682.4029186886339,657.4151389833991,673.1011962890625,14488700,META
54,2025-02-27 00:00:00-05:00,681.8434098860729,688.0379111520425,656.9855198372225,657.6549072265625,12500000,META
55,2025-02-28 00:00:00-05:00,657.4550757218477,669.034800720811,642.0287972080544,667.6060791015625,17534200,META
56,2025-03-03 00:00:00-05:00,673.0811570323929,680.6444353602695,650.2614937084818,654.4677124023438,10843800,META
57,2025-03-04 00:00:00-05:00,644.9362031172728,649.1724243402481,623.0956495401799,639.4310913085938,21495200,META
58,2025-03-05 00:00:00-05:00,640.4302542191028,658.9138106981253,637.09319610967,655.886474609375,13770000,META
59,2025-03-06 00:00:00-05:00,647.4239932814962,649.9817152601623,623.5552144493282,627.371826171875,13446500,META
60,2025-03-07 00:00:00-05:00,624.8141005363861,634.2257099756501,600.0761000698269,625.1038208007812,21375700,META
61,2025-03-10 00:00:00-04:00,607.5294919896663,609.5676566741505,586.3483245399041,597.4584350585938,21999900,META
62,2025-03-11 00:00:00-04:00,594.5210719524441,614.3834063038594,592.8026300616355,605.171630859375,17401500,META
63,2025-03-12 00:00:00-04:00,629.3401130606143,632.7670568528157,608.8083309497569,619.00927734375,15747000,META
64,2025-03-13 00:00:00-04:00,619.6986550441117,619.9484328172048,585.988656544404,590.114990234375,16480300,META
65,2025-03-14 00:00:00-04:00,602.7999877929688,608.8599853515625,594.780029296875,607.5999755859375,12364500,META
66,2025-03-17 00:00:00-04:00,607.4600219726562,613.0999755859375,598.0,604.9000244140625,15473900,META
67,2025-03-18 00:00:00-04:00,600.0499877929688,600.25,574.6599731445312,582.3599853515625,20297700,META
68,2025-03-19 00:00:00-04:00,584.280029296875,592.3200073242188,574.77001953125,584.0599975585938,20537500,META
69,2025-03-20 00:00:00-04:00,582.760009765625,610.2000122070312,579.510009765625,586.0,24336500,META
70,2025-03-21 00:00:00-04:00,583.4199829101562,597.5399780273438,580.9500122070312,596.25,25015900,META
71,2025-03-24 00:00:00-04:00,614.969970703125,622.5399780273438,612.2000122070312,618.8499755859375,15741300,META
72,2025-03-25 00:00:00-04:00,626.760009765625,633.8800048828125,621.1799926757812,626.3099975585938,15312500,META
73,2025-03-26 00:00:00-04:00,624.8900146484375,626.75,606.6099853515625,610.97998046875,12609800,META
74,2025-03-27 00:00:00-04:00,602.0,614.25,600.0999755859375,602.5800170898438,10436500,META
75,2025-03-28 00:00:00-04:00,600.3099975585938,601.75,573.9199829101562,576.739990234375,17602800,META
0,2024-12-06 00:00:00-05:00,242.6432183998472,244.3613305629988,241.8141281502541,242.5732879638672,36870600,AAPL
1,2024-12-09 00:00:00-05:00,241.56440918324205,246.96847124510987,241.48449521514058,246.47900390625,44649200,AAPL
2,2024-12-10 00:00:00-05:00,246.61884065291167,247.93739821602466,245.0705399660552,247.4978790283203,36914800,AAPL
3,2024-12-11 00:00:00-05:00,247.68767076725757,250.52454792031958,245.98952569372008,246.2192840576172,45205800,AAPL
4,2024-12-12 00:00:00-05:00,246.61885092340057,248.46682524629017,245.41017310687806,247.68768310546875,32777500,AAPL
5,2024-12-13 00:00:00-05:00,247.54782582286595,249.01619729452798,245.96955931284188,247.85748291015625,33155300,AAPL
6,2024-12-16 00:00:00-05:00,247.71764416028498,251.10392039685559,247.3780059899919,250.7642822265625,51694800,AAPL
7,2024-12-17 00:00:00-05:00,249.80533943156328,253.5512208135588,249.50566587259755,253.20159912109375,51356400,AAPL
8,2024-12-18 00:00:00-05:00,251.88305927654196,254.0007260278641,247.46791553993853,247.77757263183594,56774100,AAPL
9,2024-12-19 00:00:00-05:00,247.22817727073837,251.72323503929724,246.81862390484895,249.51565551757812,60882300,AAPL
10,2024-12-20 00:00:00-05:00,247.76758181309805,254.71994465608725,245.42017186050566,254.21051025390625,147495300,AAPL
11,2024-12-23 00:00:00-05:00,254.49020366493687,255.36922684225433,253.17164603591402,254.98965454101562,40858800,AAPL
12,2024-12-24 00:00:00-05:00,255.2094124344067,257.92641115938613,255.0096198916901,257.91644287109375,23234700,AAPL
13,2024-12-26 00:00:00-05:00,257.90642916266114,259.81433504408284,257.34704665632455,258.7355041503906,27237100,AAPL
14,2024-12-27 00:00:00-05:00,257.54682582842287,258.41589596104086,252.78207543596488,255.30929565429688,42355300,AAPL
15,2024-12-30 00:00:00-05:00,251.95298524244893,253.22159473829512,250.47461491371794,251.9230194091797,35557500,AAPL
16,2024-12-31 00:00:00-05:00,252.16275955239965,253.00183336212825,249.15605553782555,250.1449737548828,39480700,AAPL
17,2025-01-02 00:00:00-05:00,248.65660659999048,248.826433311358,241.55442975303322,243.5821990966797,55740700,AAPL
18,2025-01-03 00:00:00-05:00,243.0927276611328,243.91181916074598,241.624340886356,243.0927276611328,40244100,AAPL
19,2025-01-06 00:00:00-05:00,244.04168187374515,247.05836939894766,242.93290033169586,244.73092651367188,45045600,AAPL
20,2025-01-07 00:00:00-05:00,242.71314361950866,245.28032844029428,241.08494412707995,241.94400024414062,40856000,AAPL
21,2025-01-08 00:00:00-05:00,241.65429905026372,243.44234164075266,239.78635773622742,242.43344116210938,37628900,AAPL
22,2025-01-10 00:00:00-05:00,239.7463920626497,239.8962364632009,232.74409661721964,236.58987426757812,61710900,AAPL
23,2025-01-13 00:00:00-05:00,233.27352322575203,234.41227060505477,229.46771001708314,234.14256286621094,49630700,AAPL
24,2025-01-14 00:00:00-05:00,234.49217517741417,235.8606656353981,232.21468051006943,233.02378845214844,39435300,AAPL
25,2025-01-15 00:00:00-05:00,234.38230107288462,238.6975638581554,234.17252500331003,237.60874938964844,39832000,AAPL
26,2025-01-16 00:00:00-05:00,237.089336348529,237.74859991927732,227.7795647267042,228.00930786132812,71759100,AAPL
27,2025-01-17 00:00:00-05:00,231.86506609768284,232.03487756376998,228.22906438809179,229.7274169921875,68488300,AAPL
28,2025-01-21 00:00:00-05:00,223.75398423747347,224.17352112887505,219.13906319002535,222.39547729492188,98070400,AAPL
29,2025-01-22 00:00:00-05:00,219.54859611049605,223.87384226456615,219.54859611049605,223.58416748046875,64126500,AAPL
30,2025-01-23 00:00:00-05:00,224.493183388126,226.78066167492807,222.05586069453574,223.41436767578125,60234800,AAPL
31,2025-01-24 00:00:00-05:00,224.53312753788666,225.38220009721186,221.16683361690275,222.5353240966797,54697900,AAPL
32,2025-01-27 00:00:00-05:00,223.77396171163917,231.89502211760887,223.73399710835045,229.6075439453125,94863400,AAPL
33,2025-01-28 00:00:00-05:00,230.59647127201654,239.9262098046868,230.55650666713984,237.99832153320312,75707600,AAPL
34,2025-01-29 00:00:00-05:00,233.86287156365174,239.5965730646729,233.75299176206667,239.0971221923828,45486100,AAPL
35,2025-01-30 00:00:00-05:00,238.40787147181928,240.52553823889048,236.94948349745044,237.3290557861328,55658300,AAPL
36,2025-01-31 00:00:00-05:00,246.91852728753366,246.91852728753366,233.18362815459494,235.74081420898438,101075100,AAPL
37,2025-02-03 00:00:00-05:00,229.73741895869952,231.5753945205246,225.45212191586603,227.75958251953125,73063300,AAPL
38,2025-02-04 00:00:00-05:00,227.00041910872287,232.87396618357337,226.40107197135944,232.54432678222656,45067300,AAPL
39,2025-02-05 00:00:00-05:00,228.27901582634638,232.4144684638066,228.0193068583431,232.21469116210938,39620300,AAPL
40,2025-02-06 00:00:00-05:00,231.0359788855247,233.54323203112875,230.17692277145878,232.9638671875,29925300,AAPL
41,2025-02-07 00:00:00-05:00,232.3445476829273,233.74300400322835,227.0104008794231,227.3800048828125,39707200,AAPL
42,2025-02-10 00:00:00-05:00,229.57000732421875,230.58999633789062,227.1999969482422,227.64999389648438,33115600,AAPL
43,2025-02-11 00:00:00-05:00,228.1999969482422,235.22999572753906,228.1300048828125,232.6199951171875,53718400,AAPL
44,2025-02-12 00:00:00-05:00,231.1999969482422,236.9600067138672,230.67999267578125,236.8699951171875,45243300,AAPL
45,2025-02-13 00:00:00-05:00,236.91000366210938,242.33999633789062,235.57000732421875,241.52999877929688,53614100,AAPL
46,2025-02-14 00:00:00-05:00,241.25,245.5500030517578,240.99000549316406,244.60000610351562,40896200,AAPL
47,2025-02-18 00:00:00-05:00,244.14999389648438,245.17999267578125,241.83999633789062,244.47000122070312,48822500,AAPL
48,2025-02-19 00:00:00-05:00,244.66000366210938,246.00999450683594,243.16000366210938,244.8699951171875,32204200,AAPL
49,2025-02-20 00:00:00-05:00,244.94000244140625,246.77999877929688,244.2899932861328,245.8300018310547,32316900,AAPL
50,2025-02-21 00:00:00-05:00,245.9499969482422,248.69000244140625,245.22000122070312,245.5500030517578,53197400,AAPL
51,2025-02-24 00:00:00-05:00,244.92999267578125,248.86000061035156,244.4199981689453,247.10000610351562,51326400,AAPL
52,2025-02-25 00:00:00-05:00,248.0,250.0,244.91000366210938,247.0399932861328,48013300,AAPL
53,2025-02-26 00:00:00-05:00,244.3300018310547,244.97999572753906,239.1300048828125,240.36000061035156,44433600,AAPL
54,2025-02-27 00:00:00-05:00,239.41000366210938,242.4600067138672,237.05999755859375,237.3000030517578,41153600,AAPL
55,2025-02-28 00:00:00-05:00,236.9499969482422,242.08999633789062,230.1999969482422,241.83999633789062,56833400,AAPL
56,2025-03-03 00:00:00-05:00,241.7899932861328,244.02999877929688,236.11000061035156,238.02999877929688,47184000,AAPL
57,2025-03-04 00:00:00-05:00,237.7100067138672,240.07000732421875,234.67999267578125,235.92999267578125,53798100,AAPL
58,2025-03-05 00:00:00-05:00,235.4199981689453,236.5500030517578,229.22999572753906,235.74000549316406,47227600,AAPL
59,2025-03-06 00:00:00-05:00,234.44000244140625,237.86000061035156,233.16000366210938,235.3300018310547,45170400,AAPL
60,2025-03-07 00:00:00-05:00,235.11000061035156,241.3699951171875,234.75999450683594,239.07000732421875,46273600,AAPL
61,2025-03-10 00:00:00-04:00,235.5399932861328,236.16000366210938,224.22000122070312,227.47999572753906,72071200,AAPL
62,2025-03-11 00:00:00-04:00,223.80999755859375,225.83999633789062,217.4499969482422,220.83999633789062,76137400,AAPL
63,2025-03-12 00:00:00-04:00,220.13999938964844,221.75,214.91000366210938,216.97999572753906,62547500,AAPL
64,2025-03-13 00:00:00-04:00,215.9499969482422,216.83999633789062,208.4199981689453,209.67999267578125,61368300,AAPL
65,2025-03-14 00:00:00-04:00,211.25,213.9499969482422,209.5800018310547,213.49000549316406,60107600,AAPL
66,2025-03-17 00:00:00-04:00,213.30999755859375,215.22000122070312,209.97000122070312,214.0,48073400,AAPL
67,2025-03-18 00:00:00-04:00,214.16000366210938,215.14999389648438,211.49000549316406,212.69000244140625,42432400,AAPL
68,2025-03-19 00:00:00-04:00,214.22000122070312,218.75999450683594,213.75,215.24000549316406,54385400,AAPL
69,2025-03-20 00:00:00-04:00,213.99000549316406,217.49000549316406,212.22000122070312,214.10000610351562,48862900,AAPL
70,2025-03-21 00:00:00-04:00,211.55999755859375,218.83999633789062,211.27999877929688,218.27000427246094,94127800,AAPL
71,2025-03-24 00:00:00-04:00,221.0,221.47999572753906,218.5800018310547,220.72999572753906,44299500,AAPL
72,2025-03-25 00:00:00-04:00,220.77000427246094,224.10000610351562,220.0800018310547,223.75,34493600,AAPL
73,2025-03-26 00:00:00-04:00,223.50999450683594,225.02000427246094,220.47000122070312,221.52999877929688,34466100,AAPL
74,2025-03-27 00:00:00-04:00,221.38999938964844,224.99000549316406,220.55999755859375,223.85000610351562,37094800,AAPL
75,2025-03-28 00:00:00-04:00,221.6699981689453,223.80999755859375,217.67999267578125,217.89999389648438,39818600,AAPL
0,2024-12-06 00:00:00-05:00,220.75,227.14999389648438,220.60000610351562,227.02999877929688,44178100,AMZN
1,2024-12-09 00:00:00-05:00,227.2100067138672,230.0800018310547,225.6699981689453,226.08999633789062,46819400,AMZN
2,2024-12-10 00:00:00-05:00,226.08999633789062,229.05999755859375,224.1999969482422,225.0399932861328,31199900,AMZN
3,2024-12-11 00:00:00-05:00,226.41000366210938,231.1999969482422,226.25999450683594,230.25999450683594,35385800,AMZN
4,2024-12-12 00:00:00-05:00,229.8300018310547,231.08999633789062,227.6300048828125,228.97000122070312,28204100,AMZN
5,2024-12-13 00:00:00-05:00,228.39999389648438,230.1999969482422,225.86000061035156,227.4600067138672,28768100,AMZN
6,2024-12-16 00:00:00-05:00,230.22999572753906,233.0,228.00999450683594,232.92999267578125,37552100,AMZN
7,2024-12-17 00:00:00-05:00,232.38999938964844,232.72999572753906,227.85000610351562,231.14999389648438,35948100,AMZN
8,2024-12-18 00:00:00-05:00,230.77000427246094,231.39999389648438,220.11000061035156,220.52000427246094,43281400,AMZN
9,2024-12-19 00:00:00-05:00,224.91000366210938,226.08999633789062,222.9199981689453,223.2899932861328,39918700,AMZN
10,2024-12-20 00:00:00-05:00,219.83999633789062,226.2100067138672,218.72999572753906,224.9199981689453,88279200,AMZN
11,2024-12-23 00:00:00-05:00,225.00999450683594,226.8800048828125,223.89999389648438,225.05999755859375,28070000,AMZN
12,2024-12-24 00:00:00-05:00,226.94000244140625,229.13999938964844,226.1300048828125,229.0500030517578,15007500,AMZN
13,2024-12-26 00:00:00-05:00,228.5,228.5,226.6699981689453,227.0500030517578,16146700,AMZN
14,2024-12-27 00:00:00-05:00,225.60000610351562,226.02999877929688,220.89999389648438,223.75,27367100,AMZN
15,2024-12-30 00:00:00-05:00,220.05999755859375,223.0,218.42999267578125,221.3000030517578,28321200,AMZN
16,2024-12-31 00:00:00-05:00,222.97000122070312,223.22999572753906,218.94000244140625,219.38999938964844,24819700,AMZN
17,2025-01-02 00:00:00-05:00,222.02999877929688,225.14999389648438,218.19000244140625,220.22000122070312,33956600,AMZN
18,2025-01-03 00:00:00-05:00,222.50999450683594,225.36000061035156,221.6199951171875,224.19000244140625,27515600,AMZN
19,2025-01-06 00:00:00-05:00,226.77999877929688,228.83999633789062,224.83999633789062,227.61000061035156,31849800,AMZN
20,2025-01-07 00:00:00-05:00,227.89999389648438,228.3800048828125,221.4600067138672,222.11000061035156,28084200,AMZN
21,2025-01-08 00:00:00-05:00,223.19000244140625,223.52000427246094,220.1999969482422,222.1300048828125,25033300,AMZN
22,2025-01-10 00:00:00-05:00,221.4600067138672,221.7100067138672,216.5,218.94000244140625,36811500,AMZN
23,2025-01-13 00:00:00-05:00,218.05999755859375,219.39999389648438,216.47000122070312,218.4600067138672,27262700,AMZN
24,2025-01-14 00:00:00-05:00,220.44000244140625,221.82000732421875,216.1999969482422,217.75999450683594,24711700,AMZN
25,2025-01-15 00:00:00-05:00,222.8300018310547,223.57000732421875,220.75,223.35000610351562,31291300,AMZN
26,2025-01-16 00:00:00-05:00,224.4199981689453,224.64999389648438,220.30999755859375,220.66000366210938,24757300,AMZN
27,2025-01-17 00:00:00-05:00,225.83999633789062,226.50999450683594,223.0800018310547,225.94000244140625,42370100,AMZN
28,2025-01-21 00:00:00-05:00,228.89999389648438,231.77999877929688,226.94000244140625,230.7100067138672,39951500,AMZN
29,2025-01-22 00:00:00-05:00,232.02000427246094,235.44000244140625,231.19000244140625,235.00999450683594,41448200,AMZN
30,2025-01-23 00:00:00-05:00,234.10000610351562,235.52000427246094,231.50999450683594,235.4199981689453,26404400,AMZN
31,2025-01-24 00:00:00-05:00,234.5,236.39999389648438,232.92999267578125,234.85000610351562,25890700,AMZN
32,2025-01-27 00:00:00-05:00,226.2100067138672,235.61000061035156,225.86000061035156,235.4199981689453,49428300,AMZN
33,2025-01-28 00:00:00-05:00,234.2899932861328,241.77000427246094,233.97999572753906,238.14999389648438,41587200,AMZN
34,2025-01-29 00:00:00-05:00,239.02000427246094,240.38999938964844,236.14999389648438,237.07000732421875,26091700,AMZN
35,2025-01-30 00:00:00-05:00,237.13999938964844,237.9499969482422,232.22000122070312,234.63999938964844,32020700,AMZN
36,2025-01-31 00:00:00-05:00,236.5,240.2899932861328,236.41000366210938,237.67999267578125,36162400,AMZN
37,2025-02-03 00:00:00-05:00,234.05999755859375,239.25,232.89999389648438,237.4199981689453,37285900,AMZN
38,2025-02-04 00:00:00-05:00,239.00999450683594,242.52000427246094,238.02999877929688,242.05999755859375,29713800,AMZN
39,2025-02-05 00:00:00-05:00,237.02000427246094,238.32000732421875,235.1999969482422,236.1699981689453,38727300,AMZN
40,2025-02-06 00:00:00-05:00,238.00999450683594,239.66000366210938,236.00999450683594,238.8300018310547,60897100,AMZN
41,2025-02-07 00:00:00-05:00,232.5,234.80999755859375,228.05999755859375,229.14999389648438,77539300,AMZN
42,2025-02-10 00:00:00-05:00,230.5500030517578,233.9199981689453,229.1999969482422,233.13999938964844,35419900,AMZN
43,2025-02-11 00:00:00-05:00,231.9199981689453,233.44000244140625,230.1300048828125,232.75999450683594,23713700,AMZN
44,2025-02-12 00:00:00-05:00,230.4600067138672,231.17999267578125,228.16000366210938,228.92999267578125,32285200,AMZN
45,2025-02-13 00:00:00-05:00,228.85000610351562,230.4199981689453,227.52000427246094,230.3699951171875,31346500,AMZN
46,2025-02-14 00:00:00-05:00,229.1999969482422,229.88999938964844,227.22999572753906,228.67999267578125,27031100,AMZN
47,2025-02-18 00:00:00-05:00,228.82000732421875,229.3000030517578,223.72000122070312,226.64999389648438,42975100,AMZN
48,2025-02-19 00:00:00-05:00,225.52000427246094,226.8300018310547,223.7100067138672,226.6300048828125,28566700,AMZN
49,2025-02-20 00:00:00-05:00,224.77999877929688,225.1300048828125,221.80999755859375,222.8800048828125,30001700,AMZN
50,2025-02-21 00:00:00-05:00,223.27999877929688,223.30999755859375,214.74000549316406,216.5800018310547,55323900,AMZN
51,2025-02-24 00:00:00-05:00,217.4499969482422,217.72000122070312,212.4199981689453,212.7100067138672,42387600,AMZN
52,2025-02-25 00:00:00-05:00,211.6300048828125,213.33999633789062,204.16000366210938,212.8000030517578,58958000,AMZN
53,2025-02-26 00:00:00-05:00,214.94000244140625,218.16000366210938,213.08999633789062,214.35000610351562,39120600,AMZN
54,2025-02-27 00:00:00-05:00,218.35000610351562,219.97000122070312,208.3699951171875,208.74000549316406,40548600,AMZN
55,2025-02-28 00:00:00-05:00,208.64999389648438,212.6199951171875,206.99000549316406,212.27999877929688,51771700,AMZN
56,2025-03-03 00:00:00-05:00,213.35000610351562,214.00999450683594,202.5500030517578,205.02000427246094,42948400,AMZN
57,2025-03-04 00:00:00-05:00,200.11000061035156,206.8000030517578,197.42999267578125,203.8000030517578,60853100,AMZN
58,2025-03-05 00:00:00-05:00,204.8000030517578,209.97999572753906,203.25999450683594,208.36000061035156,38610100,AMZN
59,2025-03-06 00:00:00-05:00,204.39999389648438,205.77000427246094,198.3000030517578,200.6999969482422,49863800,AMZN
60,2025-03-07 00:00:00-05:00,199.49000549316406,202.27000427246094,192.52999877929688,199.25,59802800,AMZN
61,2025-03-10 00:00:00-04:00,195.60000610351562,196.72999572753906,190.85000610351562,194.5399932861328,62350900,AMZN
62,2025-03-11 00:00:00-04:00,193.89999389648438,200.17999267578125,193.39999389648438,196.58999633789062,54002900,AMZN
63,2025-03-12 00:00:00-04:00,200.72000122070312,201.52000427246094,195.2899932861328,198.88999938964844,43679300,AMZN
64,2025-03-13 00:00:00-04:00,198.1699981689453,198.8800048828125,191.82000732421875,193.88999938964844,41270800,AMZN
65,2025-03-14 00:00:00-04:00,197.41000366210938,198.64999389648438,195.32000732421875,197.9499969482422,38096700,AMZN
66,2025-03-17 00:00:00-04:00,198.77000427246094,199.0,194.32000732421875,195.74000549316406,47341800,AMZN
67,2025-03-18 00:00:00-04:00,192.52000427246094,194.0,189.3800048828125,192.82000732421875,40414900,AMZN
68,2025-03-19 00:00:00-04:00,193.3800048828125,195.97000122070312,191.9600067138672,195.5399932861328,39442900,AMZN
69,2025-03-20 00:00:00-04:00,193.07000732421875,199.32000732421875,192.3000030517578,194.9499969482422,38921100,AMZN
70,2025-03-21 00:00:00-04:00,192.89999389648438,196.99000549316406,192.52000427246094,196.2100067138672,60056900,AMZN
71,2025-03-24 00:00:00-04:00,200.0,203.63999938964844,199.9499969482422,203.25999450683594,41625400,AMZN
72,2025-03-25 00:00:00-04:00,203.60000610351562,206.2100067138672,203.22000122070312,205.7100067138672,31171200,AMZN
73,2025-03-26 00:00:00-04:00,205.83999633789062,206.00999450683594,199.92999267578125,201.1300048828125,32855300,AMZN
74,2025-03-27 00:00:00-04:00,200.88999938964844,203.7899932861328,199.27999877929688,201.36000061035156,27317700,AMZN
75,2025-03-28 00:00:00-04:00,198.4199981689453,199.25999450683594,191.8800048828125,192.72000122070312,52548200,AMZN
0,2024-12-06 00:00:00-05:00,915.22998046875,935.27001953125,912.7100219726562,934.739990234375,2955400,NFLX
1,2024-12-09 00:00:00-05:00,928.0,930.2999877929688,902.5900268554688,913.6900024414062,3350100,NFLX
2,2024-12-10 00:00:00-05:00,913.760009765625,922.8800048828125,909.5800170898438,913.3499755859375,2388600,NFLX
3,2024-12-11 00:00:00-05:00,924.7100219726562,941.75,923.0800170898438,936.5599975585938,3501700,NFLX
4,2024-12-12 00:00:00-05:00,933.3499755859375,934.0900268554688,922.5999755859375,925.5499877929688,2486200,NFLX
5,2024-12-13 00:00:00-05:00,916.8099975585938,925.5499877929688,909.6099853515625,918.8699951171875,2485800,NFLX
6,2024-12-16 00:00:00-05:00,923.9400024414062,928.9400024414062,919.5,921.0800170898438,2674900,NFLX
7,2024-12-17 00:00:00-05:00,921.5399780273438,928.4500122070312,916.4199829101562,919.1300048828125,2459500,NFLX
8,2024-12-18 00:00:00-05:00,919.1300048828125,922.4400024414062,886.5599975585938,889.5499877929688,2938200,NFLX
9,2024-12-19 00:00:00-05:00,908.1799926757812,912.6199951171875,899.0,902.0399780273438,2815500,NFLX
10,2024-12-20 00:00:00-05:00,893.2100219726562,919.9199829101562,890.489990234375,909.0499877929688,4530500,NFLX
11,2024-12-23 00:00:00-05:00,913.4199829101562,915.0,899.0999755859375,911.4500122070312,2339400,NFLX
12,2024-12-24 00:00:00-05:00,915.0,935.8499755859375,911.7000122070312,932.1199951171875,2320300,NFLX
13,2024-12-26 00:00:00-05:00,928.4000244140625,930.489990234375,915.2999877929688,924.1400146484375,2340300,NFLX
14,2024-12-27 00:00:00-05:00,916.010009765625,918.1300048828125,894.5,907.5499877929688,3226200,NFLX
15,2024-12-30 00:00:00-05:00,894.510009765625,908.22998046875,889.7100219726562,900.4299926757812,2203000,NFLX
16,2024-12-31 00:00:00-05:00,901.7999877929688,902.6799926757812,889.469970703125,891.3200073242188,1875900,NFLX
17,2025-01-02 00:00:00-05:00,895.5,898.5800170898438,877.0,886.72998046875,2312300,NFLX
18,2025-01-03 00:00:00-05:00,893.1300048828125,898.8300170898438,879.8900146484375,881.0499877929688,2967300,NFLX
19,2025-01-06 00:00:00-05:00,888.760009765625,892.8300170898438,871.6900024414062,881.7899780273438,3457700,NFLX
20,2025-01-07 00:00:00-05:00,879.3800048828125,888.0,869.1099853515625,879.1900024414062,2649800,NFLX
21,2025-01-08 00:00:00-05:00,880.0,886.219970703125,873.0,875.0,2347900,NFLX
22,2025-01-10 00:00:00-05:00,866.4000244140625,866.4099731445312,834.4000244140625,837.6900024414062,4803300,NFLX
23,2025-01-13 00:00:00-05:00,831.530029296875,847.0700073242188,829.1400146484375,840.2899780273438,3024500,NFLX
24,2025-01-14 00:00:00-05:00,843.2000122070312,844.8900146484375,823.52001953125,828.4000244140625,3037700,NFLX
25,2025-01-15 00:00:00-05:00,836.4400024414062,850.8400268554688,830.4099731445312,848.260009765625,3181400,NFLX
26,2025-01-16 00:00:00-05:00,860.9600219726562,868.97998046875,842.02001953125,842.3699951171875,4028500,NFLX
27,2025-01-17 00:00:00-05:00,859.7899780273438,865.0,852.1300048828125,858.0999755859375,3617600,NFLX
28,2025-01-21 00:00:00-05:00,863.530029296875,916.4000244140625,854.75,869.6799926757812,9851400,NFLX
29,2025-01-22 00:00:00-05:00,998.030029296875,999.0,950.760009765625,953.989990234375,14273200,NFLX
30,2025-01-23 00:00:00-05:00,957.8099975585938,985.0,953.9000244140625,984.8599853515625,7752100,NFLX
31,2025-01-24 00:00:00-05:00,984.4099731445312,986.280029296875,967.6799926757812,977.5900268554688,4550400,NFLX
32,2025-01-27 00:00:00-05:00,971.0999755859375,982.27001953125,960.260009765625,971.8900146484375,4634200,NFLX
33,2025-01-28 00:00:00-05:00,966.7100219726562,977.9299926757812,957.2999877929688,971.8300170898438,3434000,NFLX
34,2025-01-29 00:00:00-05:00,980.0,987.6400146484375,968.22998046875,978.1500244140625,2930700,NFLX
35,2025-01-30 00:00:00-05:00,986.75,994.5900268554688,970.010009765625,973.239990234375,3867800,NFLX
36,2025-01-31 00:00:00-05:00,974.0,990.2899780273438,974.0,976.760009765625,3618700,NFLX
37,2025-02-03 00:00:00-05:00,973.0,987.6900024414062,964.3800048828125,978.9400024414062,3724200,NFLX
38,2025-02-04 00:00:00-05:00,980.469970703125,1008.0,978.510009765625,994.8699951171875,6000100,NFLX
39,2025-02-05 00:00:00-05:00,987.72998046875,1011.8300170898438,986.6799926757812,1011.1099853515625,3993400,NFLX
40,2025-02-06 00:00:00-05:00,1007.8699951171875,1016.3499755859375,1002.6099853515625,1015.6799926757812,3134300,NFLX
41,2025-02-07 00:00:00-05:00,1017.0,1027.760009765625,1005.6699829101562,1013.9299926757812,3212900,NFLX
42,2025-02-10 00:00:00-05:00,1023.0499877929688,1032.8499755859375,1015.8800048828125,1027.5999755859375,3296600,NFLX
43,2025-02-11 00:00:00-05:00,1020.7899780273438,1022.6900024414062,1002.9500122070312,1008.0800170898438,3331800,NFLX
44,2025-02-12 00:00:00-05:00,1005.489990234375,1027.739990234375,998.3499755859375,1027.31005859375,3389000,NFLX
45,2025-02-13 00:00:00-05:00,1026.6300048828125,1045.989990234375,1025.0999755859375,1043.68994140625,3476100,NFLX
46,2025-02-14 00:00:00-05:00,1044.949951171875,1064.5,1041.68994140625,1058.5999755859375,3145400,NFLX
47,2025-02-18 00:00:00-05:00,1060.0,1062.0,1023.75,1035.8499755859375,4229300,NFLX
48,2025-02-19 00:00:00-05:00,1035.1800537109375,1045.0,1024.510009765625,1043.3299560546875,2600000,NFLX
49,2025-02-20 00:00:00-05:00,1042.0,1045.0,1015.5900268554688,1024.5400390625,3111800,NFLX
50,2025-02-21 00:00:00-05:00,1029.4200439453125,1032.3800048828125,999.3900146484375,1003.1500244140625,3738700,NFLX
51,2025-02-24 00:00:00-05:00,1008.0,1015.1699829101562,984.47998046875,988.469970703125,4426200,NFLX
52,2025-02-25 00:00:00-05:00,989.4000244140625,994.4000244140625,955.0,977.239990234375,4738300,NFLX
53,2025-02-26 00:00:00-05:00,977.5999755859375,1000.8900146484375,976.9000244140625,990.0599975585938,3397200,NFLX
54,2025-02-27 00:00:00-05:00,995.0,1000.72998046875,961.8300170898438,963.0700073242188,3766600,NFLX
55,2025-02-28 00:00:00-05:00,969.5599975585938,982.27001953125,958.1699829101562,980.5599975585938,4717400,NFLX
56,2025-03-03 00:00:00-05:00,983.0,994.9299926757812,964.8099975585938,973.7000122070312,3907400,NFLX
57,2025-03-04 00:00:00-05:00,971.6099853515625,986.3099975585938,948.2100219726562,972.5800170898438,4392800,NFLX
58,2025-03-05 00:00:00-05:00,973.6199951171875,995.5999755859375,969.47998046875,990.9199829101562,3807900,NFLX
59,2025-03-06 00:00:00-05:00,972.989990234375,973.6900024414062,899.0,906.3599853515625,7852600,NFLX
60,2025-03-07 00:00:00-05:00,897.6400146484375,904.8900146484375,858.0700073242188,891.1099853515625,7737500,NFLX
61,2025-03-10 00:00:00-04:00,875.0700073242188,881.27001953125,854.5,866.6799926757812,6995300,NFLX
62,2025-03-11 00:00:00-04:00,867.4099731445312,910.6799926757812,866.0,895.0999755859375,7398900,NFLX
63,2025-03-12 00:00:00-04:00,914.5999755859375,927.1799926757812,901.0,919.6799926757812,6865800,NFLX
64,2025-03-13 00:00:00-04:00,913.0,921.8900146484375,887.510009765625,890.1699829101562,5001700,NFLX
65,2025-03-14 00:00:00-04:00,901.4600219726562,919.6300048828125,901.0,918.0,5200700,NFLX
66,2025-03-17 00:00:00-04:00,939.9500122070312,967.6300048828125,934.4199829101562,950.02001953125,7543100,NFLX
67,2025-03-18 00:00:00-04:00,940.0,948.25,916.2999877929688,929.97998046875,6009400,NFLX
68,2025-03-19 00:00:00-04:00,935.77001953125,968.0,924.0,959.489990234375,6662400,NFLX
69,2025-03-20 00:00:00-04:00,950.010009765625,967.0,945.5,950.8400268554688,4466300,NFLX
70,2025-03-21 00:00:00-04:00,941.6400146484375,963.6500244140625,940.9500122070312,960.2899780273438,5905400,NFLX
71,2025-03-24 00:00:00-04:00,969.6699829101562,977.0,951.5499877929688,971.989990234375,4677900,NFLX
72,2025-03-25 00:00:00-04:00,978.1799926757812,998.7000122070312,977.1099853515625,997.280029296875,3782200,NFLX
73,2025-03-26 00:00:00-04:00,993.8099975585938,996.7899780273438,966.3200073242188,970.6500244140625,3527400,NFLX
74,2025-03-27 00:00:00-04:00,974.219970703125,989.0,966.3699951171875,976.719970703125,3047200,NFLX
75,2025-03-28 00:00:00-04:00,972.0,974.97998046875,929.22998046875,933.8499755859375,4422700,NFLX
0,2024-12-06 00:00:00-05:00,173.4853249211239,176.4376080962673,173.15607214175068,176.0894012451172,13319500,GOOG
1,2024-12-09 00:00:00-05:00,175.51503437960727,177.83738550391604,175.20039040791823,176.89846801757812,19887800,GOOG
2,2024-12-10 00:00:00-05:00,184.32500888640666,187.8160268138949,182.46212570826387,186.31773376464844,34317400,GOOG
3,2024-12-11 00:00:00-05:00,186.4875414177299,196.66594813117683,186.04803967773574,196.4861602783203,41664500,GOOG
4,2024-12-12 00:00:00-05:00,196.0766124040666,196.48115029218562,193.06004491560958,193.40965270996094,25197800,GOOG
5,2024-12-13 00:00:00-05:00,192.490704487651,194.11883919838084,191.0423423812578,191.16221618652344,18883200,GOOG
6,2024-12-16 00:00:00-05:00,194.14382959225733,200.41168291616427,193.88911488994594,197.93450927734375,32248600,GOOG
7,2024-12-17 00:00:00-05:00,198.30407475927043,202.64913062417182,196.46617230830898,196.8956756591797,24129500,GOOG
8,2024-12-18 00:00:00-05:00,196.60601529827326,198.46389928471683,189.0646039194836,189.93360900878906,27638400,GOOG
9,2024-12-19 00:00:00-05:00,193.06005888438943,194.37856412730645,189.30434300339118,189.484130859375,26981200,GOOG
10,2024-12-20 00:00:00-05:00,186.7971764103249,193.91406813278797,186.1579053424554,192.74041748046875,45319700,GOOG
11,2024-12-23 00:00:00-05:00,193.80919155814604,196.26639877064787,191.411928868106,195.7669677734375,15235900,GOOG
12,2024-12-24 00:00:00-05:00,195.94676829861982,197.44506138722352,194.97587425527323,197.34518432617188,6809800,GOOG
13,2024-12-26 00:00:00-05:00,196.5161262135814,197.93450850289778,195.6471058614473,196.87571716308594,7907900,GOOG
14,2024-12-27 00:00:00-05:00,196.24642603002408,196.5760523318792,191.75354348102763,193.81918334960938,14693000,GOOG
15,2024-12-30 00:00:00-05:00,190.64781342319387,193.55948963491522,190.14338320337714,192.47073364257812,12209500,GOOG
16,2024-12-31 00:00:00-05:00,192.2260050490995,193.03008164381478,189.36425993005457,190.22328186035156,14355200,GOOG
17,2025-01-02 00:00:00-05:00,191.26709343340778,192.9801381301293,188.49525744007033,190.41307067871094,17545200,GOOG
18,2025-01-03 00:00:00-05:00,192.5056946331138,194.27866867483587,191.13225931471843,192.9102325439453,12875000,GOOG
19,2025-01-06 00:00:00-05:00,194.92792600382484,199.33291137103032,194.83803207586362,197.7347412109375,19483300,GOOG
20,2025-01-07 00:00:00-05:00,198.04438263544472,201.909973886113,195.7170322333306,196.4861602783203,16966800,GOOG
21,2025-01-08 00:00:00-05:00,193.72928457657076,197.41508784704052,193.52951522204586,195.1676483154297,14335300,GOOG
22,2025-01-10 00:00:00-05:00,195.19761966253236,197.39511312065048,191.38197456331892,192.95018005371094,20753800,GOOG
23,2025-01-13 00:00:00-05:00,191.13224951636064,192.27095158503425,188.4453083016719,192.0711669921875,13169100,GOOG
24,2025-01-14 00:00:00-05:00,192.28094273517524,193.050070773715,189.42419669059564,190.8325958251953,13651200,GOOG
25,2025-01-15 00:00:00-05:00,194.12884726518368,197.57491832048342,193.11000369739423,196.75584411621094,12894900,GOOG
26,2025-01-16 00:00:00-05:00,195.60214951346643,196.75583391247915,194.0788910490422,194.1887664794922,13449600,GOOG
27,2025-01-17 00:00:00-05:00,197.82462632303964,198.58375597214695,195.0877388983694,197.3251953125,22109100,GOOG
28,2025-01-21 00:00:00-05:00,200.28182025394423,203.6080326445683,199.21304580682195,199.40283203125,19005200,GOOG
29,2025-01-22 00:00:00-05:00,200.32178068082086,201.88998612293432,198.9733108604717,199.8023681640625,15477400,GOOG
30,2025-01-23 00:00:00-05:00,199.75242873857272,201.71020506522237,196.59603624015026,199.35289001464844,15170800,GOOG
31,2025-01-24 00:00:00-05:00,199.6225872950207,202.33949329722083,199.5566528889042,201.6702423095703,12732400,GOOG
32,2025-01-27 00:00:00-05:00,193.96901973467803,198.44391735433535,192.48070982544095,193.54949951171875,24970200,GOOG
33,2025-01-28 00:00:00-05:00,194.42848935993928,197.00555524376668,192.39081751116362,196.8457489013672,15939200,GOOG
34,2025-01-29 00:00:00-05:00,197.14539841120728,198.2341696318412,194.96788645279017,196.9556121826172,12287800,GOOG
35,2025-01-30 00:00:00-05:00,199.53266972822976,203.00672387191645,199.24500307805343,202.3994140625,14571500,GOOG
36,2025-01-31 00:00:00-05:00,203.48317837651163,206.8443546537246,203.34833748699367,205.3660430908203,17087300,GOOG
37,2025-02-03 00:00:00-05:00,201.98487391595285,204.9864590771122,201.43051282665638,202.40939331054688,16719500,GOOG
38,2025-02-04 00:00:00-05:00,204.2672790849399,208.46249643839946,204.02754671792735,207.4736328125,28285400,GOOG
39,2025-02-05 00:00:00-05:00,192.88026299205453,194.32860987902825,189.69389069585742,193.0800323486328,43666400,GOOG
40,2025-02-06 00:00:00-05:00,190.77265967243562,193.60942410647172,190.2732286703268,193.0900115966797,20816600,GOOG
41,2025-02-07 00:00:00-05:00,192.52066571940506,192.79534667048466,184.88936071436743,186.92703247070312,29565700,GOOG
42,2025-02-10 00:00:00-05:00,188.84484651111416,189.77379609286592,187.39649966530655,187.98582458496094,16606000,GOOG
43,2025-02-11 00:00:00-05:00,186.62239876540912,188.58515904568145,185.86825303657443,186.8571319580078,13028100,GOOG
44,2025-02-12 00:00:00-05:00,185.0192095241481,186.61739486850084,183.42103942122037,185.21897888183594,17632300,GOOG
45,2025-02-13 00:00:00-05:00,185.7184056239068,187.77607416088287,184.66961270981918,187.66619873046875,12729300,GOOG
46,2025-02-14 00:00:00-05:00,186.6174008565631,187.93589085274974,185.89821895267022,186.6573486328125,12714200,GOOG
47,2025-02-18 00:00:00-05:00,187.226695076443,187.56630449733623,183.3710871600107,185.58856201171875,19796000,GOOG
48,2025-02-19 00:00:00-05:00,185.9731213052312,187.1467872178663,185.2889032654933,186.91705322265625,13120500,GOOG
49,2025-02-20 00:00:00-05:00,186.28777222741775,186.90706182083724,184.38994042998203,186.4276123046875,12063800,GOOG
50,2025-02-21 00:00:00-05:00,187.07686090508184,187.25666399411273,180.92388244913036,181.3733673095703,19520800,GOOG
51,2025-02-24 00:00:00-05:00,183.59084088624112,184.87936617572134,180.67416563965807,180.9838104248047,18734000,GOOG
52,2025-02-25 00:00:00-05:00,179.94998624296272,180.55429349830055,176.56884378749382,177.16815185546875,20832500,GOOG
53,2025-02-26 00:00:00-05:00,176.74364576328153,177.87734865828276,173.3924527442382,174.50119018554688,23637200,GOOG
54,2025-02-27 00:00:00-05:00,175.73978676984865,176.38904098824568,169.55882503535227,170.0163116455078,25930500,GOOG
55,2025-02-28 00:00:00-05:00,170.1062040953664,172.30369747869378,168.19837398997922,172.02401733398438,30049800,GOOG
56,2025-03-03 00:00:00-05:00,173.5323013294071,174.80086041257175,167.4492350449917,168.46807861328125,24122000,GOOG
57,2025-03-04 00:00:00-05:00,167.74889040520628,174.9656593689528,167.34933645157065,172.41357421875,30711400,GOOG
58,2025-03-05 00:00:00-05:00,172.12391841048589,175.55000797862252,170.73548550793336,174.79087829589844,18848000,GOOG
59,2025-03-06 00:00:00-05:00,172.35364986457097,176.52888591983762,172.31169022063378,174.0117645263672,19082400,GOOG
60,2025-03-07 00:00:00-05:00,173.0448614517929,176.69868829805844,172.05398592128185,175.5500030517578,16395300,GOOG
61,2025-03-10 00:00:00-04:00,170.16000366210938,170.4499969482422,165.56500244140625,167.80999755859375,28990700,GOOG
62,2025-03-11 00:00:00-04:00,166.67999267578125,168.65499877929688,163.24000549316406,165.97999572753906,23705900,GOOG
63,2025-03-12 00:00:00-04:00,168.47000122070312,169.52999877929688,165.47999572753906,169.0,19880100,GOOG
64,2025-03-13 00:00:00-04:00,167.97999572753906,168.1199951171875,164.07000732421875,164.72999572753906,15206200,GOOG
65,2025-03-14 00:00:00-04:00,165.31500244140625,168.25,164.50999450683594,167.6199951171875,18611100,GOOG
66,2025-03-17 00:00:00-04:00,167.3249969482422,168.4600067138672,165.80999755859375,166.57000732421875,17839100,GOOG
67,2025-03-18 00:00:00-04:00,165.9600067138672,166.44000244140625,158.8000030517578,162.6699981689453,24616800,GOOG
68,2025-03-19 00:00:00-04:00,163.9149932861328,168.13299560546875,163.0500030517578,166.27999877929688,24955700,GOOG
69,2025-03-20 00:00:00-04:00,163.8249969482422,167.02999877929688,163.13999938964844,165.0500030517578,19981500,GOOG
70,2025-03-21 00:00:00-04:00,163.3800048828125,166.47000122070312,163.02999877929688,166.25,29882100,GOOG
71,2025-03-24 00:00:00-04:00,169.26499938964844,170.5,167.44000244140625,169.92999267578125,18742800,GOOG
72,2025-03-25 00:00:00-04:00,171.17999267578125,172.91000366210938,170.5500030517578,172.7899932861328,13841600,GOOG
73,2025-03-26 00:00:00-04:00,171.3000030517578,171.94000244140625,166.86099243164062,167.13999938964844,22498000,GOOG
74,2025-03-27 00:00:00-04:00,166.7100067138672,167.44000244140625,163.85000610351562,164.0800018310547,21571200,GOOG
75,2025-03-28 00:00:00-04:00,162.36000061035156,163.80999755859375,155.33900451660156,156.05999755859375,34866500,GOOG
